"SourcePath","Reason","Sha256"
"4.7-inch(684x1216)_ebook.zip","Duplicate archive or file outside the curated import set","cdb0e102c09cccaeec48dc868257a98b188747358faefc5a21d80b2f0d207aa5"
"4.7-inch(684x1216)_ebook/.cache/clangd/index/app_album.c.0125333298448218.idx","Generated local unknown-origin or backup file","40b0769c73d4a545d9f8d725e78a5c3af7ed15ba88090dde7f5a75e49de4e5a0"
"4.7-inch(684x1216)_ebook/.cache/clangd/index/app_album.c.D25CD8ED1E59F93B.idx","Generated local unknown-origin or backup file","0e1732d6538f462f8baa1b3d49e2d3adc200aed2d7b25eafc6b08137bd65e44b"
"4.7-inch(684x1216)_ebook/.cache/clangd/index/app_album.h.AA5BEF1607F83D0C.idx","Generated local unknown-origin or backup file","69f16a38aebce3bd6bb3b67d9c02ea159201f77fde2dd2f4df9abcd55a242c3d"
"4.7-inch(684x1216)_ebook/.cache/clangd/index/app_album.h.D834C16A09C85464.idx","Generated local unknown-origin or backup file","2c44689c3fb7dbc1854b3e445db3cc3d0304ffd2aa2d6e43b0808683b006a9f9"
"4.7-inch(684x1216)_ebook/.cache/clangd/index/app_ebook.c.80C29455A2F5E8D7.idx","Generated local unknown-origin or backup file","1050edbecffb81844c345526dc34905cef0ffd78c630a4f5737b065401ee4824"
"4.7-inch(684x1216)_ebook/.cache/clangd/index/app_ebook.c.D31744F61D23EFB1.idx","Generated local unknown-origin or backup file","a9cdd1d5e185a0b2e6e3f24057bda9126003218e3509d6466baf3b957299c966"
"4.7-inch(684x1216)_ebook/.cache/clangd/index/app_ebook.h.CCA507137A1475D6.idx","Generated local unknown-origin or backup file","e3373e9e67a9108b33efc93e1d591af12106df67726700d0b945661a7f2c0854"
"4.7-inch(684x1216)_ebook/.cache/clangd/index/app_ebook.h.E26DD39371B047AF.idx","Generated local unknown-origin or backup file","b9d88da4c3fa9d19aa9c7c9c2855fe7877b0ce5696ac566a8c852f36d0eb3d46"
"4.7-inch(684x1216)_ebook/.cache/clangd/index/ble_control.c.796A58799F911E0D.idx","Generated local unknown-origin or backup file","c5dd74cb053447cc7bdceedc421ee5d1341cadfec725101c44938dd78bbe19c5"
"4.7-inch(684x1216)_ebook/.cache/clangd/index/ble_control.h.0089A9AF5B0D5F0A.idx","Generated local unknown-origin or backup file","d1406e2c65a024aac7b557dac5065632fec85333a5e9ffd2202a053c3d994a29"
"4.7-inch(684x1216)_ebook/.cache/clangd/index/board_specific.c.345CD8A908E2267B.idx","Generated local unknown-origin or backup file","90b12edbdc8ee516a662245718bbce00df9b153e0005b80e803cdeb2b23a6afb"
"4.7-inch(684x1216)_ebook/.cache/clangd/index/board_specific.c.856A422959738767.idx","Generated local unknown-origin or backup file","b2950b404761489b2f4f1978286f1d25d4b1080763bcd61d349b7a0208ece592"
"4.7-inch(684x1216)_ebook/.cache/clangd/index/book_storage.c.78303FF94A5AB3C5.idx","Generated local unknown-origin or backup file","ea606488ceafa9af1c6b4ffa3da67efefe9e31a3b846a229b04a338e588a3ded"
"4.7-inch(684x1216)_ebook/.cache/clangd/index/book_storage.c.ADD2298C94BDCE13.idx","Generated local unknown-origin or backup file","7bc49f1efc196e63f438a4a2a7d14955e3d90930d95fc8a19510ac966d304d1d"
"4.7-inch(684x1216)_ebook/.cache/clangd/index/book_storage.h.68664E86B54F7077.idx","Generated local unknown-origin or backup file","9245975645cac209d65e5ee6688f8748de5b97e0ec5729ea96b1c241dc4efbe7"
"4.7-inch(684x1216)_ebook/.cache/clangd/index/book_storage.h.92C3C9A5A19970D0.idx","Generated local unknown-origin or backup file","8e6c61b17415d8edf11fcef25aba737157ccd6d8ddc04d1bd84d4537b2d60b9e"
"4.7-inch(684x1216)_ebook/.cache/clangd/index/builtin_waveforms.c.4F1399E3D981974E.idx","Generated local unknown-origin or backup file","70d49e5e4580c1a3bb00948599eb257def2381afb9259c6e4c33aaa43a53fd39"
"4.7-inch(684x1216)_ebook/.cache/clangd/index/builtin_waveforms.c.5022DEADA5568F1B.idx","Generated local unknown-origin or backup file","6c38773cea2757b8fbcfc617db19c26147dfba05f9136989928f308c7ed5fdc8"
"4.7-inch(684x1216)_ebook/.cache/clangd/index/colorLED_sk6812.c.608A19341D750E1A.idx","Generated local unknown-origin or backup file","1909c3fa0b74e3debb7023113c89e472ecc163053f049a91df431bf111b716f6"
"4.7-inch(684x1216)_ebook/.cache/clangd/index/colorLED_sk6812.c.7C30DFEC9ACD86A6.idx","Generated local unknown-origin or backup file","df44f0393d71512a08b9b27b4fa6ae083129ad85284fe784108d93c90ce8b73a"
"4.7-inch(684x1216)_ebook/.cache/clangd/index/colorLED_sk6812.h.7D57015636012A99.idx","Generated local unknown-origin or backup file","04cbb36c759a7534a3cefc72e66fda4710b1dd4653f04a9971d9fc842dbb3371"
"4.7-inch(684x1216)_ebook/.cache/clangd/index/colorLED_sk6812.h.DD0FEF6EC7A787E9.idx","Generated local unknown-origin or backup file","7962a045c9ee8c6e14348f86bb94c930a1e0a7dd5145dfe834fcb2c5c2fbc2ee"
"4.7-inch(684x1216)_ebook/.cache/clangd/index/diff.S.04D68045409B7EDA.idx","Generated local unknown-origin or backup file","3f61d0e9ca3c11ebc4f448b9eedaff7e686924e7a29c91eb4128da8a73cdc225"
"4.7-inch(684x1216)_ebook/.cache/clangd/index/diff.S.7169A6A2433536CE.idx","Generated local unknown-origin or backup file","04cd36fde267706877ea8a7c2be07dc0bece10edda6cdac6b07bf1f36c50b58c"
"4.7-inch(684x1216)_ebook/.cache/clangd/index/displays.c.92329FEF1C777D09.idx","Generated local unknown-origin or backup file","15ac784092c8a4af86e177928f0936c7fb91932f221eb1ba7ca487e325e6ee84"
"4.7-inch(684x1216)_ebook/.cache/clangd/index/displays.c.B9331FF71A925676.idx","Generated local unknown-origin or backup file","b0b8c7b7ec195459fa854516794189b787e2c8b0812e642cf86a419169114135"
"4.7-inch(684x1216)_ebook/.cache/clangd/index/dragon.h.6E8583C2C0C4F2CC.idx","Generated local unknown-origin or backup file","af000569f139d84bc6109147ab78736c66f04b3af5479d557035c67d74aab196"
"4.7-inch(684x1216)_ebook/.cache/clangd/index/dragon.h.757F50025A45C5AD.idx","Generated local unknown-origin or backup file","70b30ba05064e88005a8598ab316dbc5977a44548a9c9a20035bf8194c5afa74"
"4.7-inch(684x1216)_ebook/.cache/clangd/index/ebook_engine.c.33995E1BB28B9EEE.idx","Generated local unknown-origin or backup file","6434f221e42b74908e3ec4992eb5619523ef166a7724cc49096d8be32927f3f7"
"4.7-inch(684x1216)_ebook/.cache/clangd/index/ebook_engine.c.F9F90027DD6841C4.idx","Generated local unknown-origin or backup file","08af95745dc9ef8d1d9ed3a047c9e0d9573795043ee6cd67a002d9599dd55fbc"
"4.7-inch(684x1216)_ebook/.cache/clangd/index/ebook_engine.h.04150CC48E96AA23.idx","Generated local unknown-origin or backup file","22928c2fb36690daad1b36c20133c8fc3619ccdde12c2ac59549d924f6a4aa30"
"4.7-inch(684x1216)_ebook/.cache/clangd/index/ebook_engine.h.0F6B726B7E36E0C7.idx","Generated local unknown-origin or backup file","d58d5d8263decd0bbf8b1312d90dbdbd7438fa02d167ae9d7722f0b37aade514"
"4.7-inch(684x1216)_ebook/.cache/clangd/index/epd_board.c.6F8558ED18FD9A9B.idx","Generated local unknown-origin or backup file","60e04c90f9ec8c6fc2d91c710e76032e7ffff4f3cec0ed04d4414a7b858c1770"
"4.7-inch(684x1216)_ebook/.cache/clangd/index/epd_board.c.D49E86DD459082D3.idx","Generated local unknown-origin or backup file","fb80373ba54e41f8f808ee79d5c7d852591680d29724c03603406d33806ecda0"
"4.7-inch(684x1216)_ebook/.cache/clangd/index/epd_board.h.0C210F806708CE24.idx","Generated local unknown-origin or backup file","7a9c4806884508b6edc9e292c5b49879a50177ceea23936fe322547f99316d04"
"4.7-inch(684x1216)_ebook/.cache/clangd/index/epd_board.h.4B62892225E0EEA0.idx","Generated local unknown-origin or backup file","2ad8cb58844536664f5427572dfaf4c0ab62045818e1758ea266b3c5dc0cee41"
"4.7-inch(684x1216)_ebook/.cache/clangd/index/epd_board_common.c.58F34F4E49360B5F.idx","Generated local unknown-origin or backup file","ada7d8f7db93df26b7fc817797d902039ccfc535d1a097aa4f7e32ccdcc1badc"
"4.7-inch(684x1216)_ebook/.cache/clangd/index/epd_board_common.c.5EA74F8599DB2A2A.idx","Generated local unknown-origin or backup file","8d714a55123d17da9786b4e3198100847a60ce1d212646d327ba8561de7368a0"
"4.7-inch(684x1216)_ebook/.cache/clangd/index/epd_board_specific.h.642D0E7F402C2F26.idx","Generated local unknown-origin or backup file","5bf022ec13b2ea005ed820dddb34cc6aa94f5938e958f741380cb2262bc6cddf"
"4.7-inch(684x1216)_ebook/.cache/clangd/index/epd_board_specific.h.F4123CEC06C15006.idx","Generated local unknown-origin or backup file","705a161e5ba376c0aa46ebf2afd2bab94f68bab4b9fe7094ae4a50317ef3ff29"
"4.7-inch(684x1216)_ebook/.cache/clangd/index/epd_board_v7.c.372733E4B728A840.idx","Generated local unknown-origin or backup file","d0823ff79567600a989554be285b43cd20f0a2dcf6006980c33311c77107752f"
"4.7-inch(684x1216)_ebook/.cache/clangd/index/epd_board_v7.c.953310CA032784B4.idx","Generated local unknown-origin or backup file","7ad5499d130589303624623edd58f5b2324931c6ea49bb7b205a3a5a44318393"
"4.7-inch(684x1216)_ebook/.cache/clangd/index/epd_display.h.E382136E2505094D.idx","Generated local unknown-origin or backup file","09db386500152bcec3611fa456d02df5ef6d2ac94570ec9288d0156357555968"
"4.7-inch(684x1216)_ebook/.cache/clangd/index/epd_display.h.E384B2EF22E7B416.idx","Generated local unknown-origin or backup file","ff8dca39c90e9255a97b2be05159d58503ae5abd07324c43e4c9205098334beb"
"4.7-inch(684x1216)_ebook/.cache/clangd/index/epd_highlevel.h.69734B74285EDD37.idx","Generated local unknown-origin or backup file","636b61359727b76b217579b19dfbb30407c9043a5e8b080c11d630c292c724a8"
"4.7-inch(684x1216)_ebook/.cache/clangd/index/epd_highlevel.h.BE759BAED7C19A83.idx","Generated local unknown-origin or backup file","b03c3edb5da1dc8a502a5ea0e9cdba6d178d3c59f595535ccd5b221fc57464e0"
"4.7-inch(684x1216)_ebook/.cache/clangd/index/epd_internals.h.32F99C04060B0D2B.idx","Generated local unknown-origin or backup file","b8a6618074b8949b9344a61e56e9537089f2a873df0671109cc016f496dad20c"
"4.7-inch(684x1216)_ebook/.cache/clangd/index/epd_internals.h.42A5E3A5561464CE.idx","Generated local unknown-origin or backup file","17cb115eb223e270136bb083440d218d8ac79881d6468fb9022a36cbf17759ee"
"4.7-inch(684x1216)_ebook/.cache/clangd/index/epdiy.c.2C292C85FF1D8A2D.idx","Generated local unknown-origin or backup file","788f69e072f0ee910de896e0e4250e46b243c8d14d35ddeedeb1000cbc6dc53d"
"4.7-inch(684x1216)_ebook/.cache/clangd/index/epdiy.c.D51D02485BEA20F8.idx","Generated local unknown-origin or backup file","e52c48c0b5c9fa24453f7e9076594c475f13dd96a7b38a52afa4abc352765240"
"4.7-inch(684x1216)_ebook/.cache/clangd/index/epdiy.h.01889E62F097DD21.idx","Generated local unknown-origin or backup file","1079c5fc59e7d237b48fb8f0da68e31618e238495f6418aa448cf2d3e7eb599d"
"4.7-inch(684x1216)_ebook/.cache/clangd/index/epdiy.h.E51647DA60DD9453.idx","Generated local unknown-origin or backup file","b896bde3c78d0c92e00bb03b68379ba677e342141b4bf223bd7382991f47f3e9"
"4.7-inch(684x1216)_ebook/.cache/clangd/index/epdiy_ED047TC1.h.1DC9F58DD5C1ACAA.idx","Generated local unknown-origin or backup file","6a85a5aec0c037a54cfa816228ff733f22a33f272107b4ab305785ff8156912b"
"4.7-inch(684x1216)_ebook/.cache/clangd/index/epdiy_ED047TC1.h.E546329811FF1DE4.idx","Generated local unknown-origin or backup file","90ce17af444cac63bdeaa8d4e0c5ad1ffee54404fe348e54d21c6e5df903613f"
"4.7-inch(684x1216)_ebook/.cache/clangd/index/epdiy_ED047TC2.h.39652F69B46F61F7.idx","Generated local unknown-origin or backup file","118d93d4adf77cb04eba547d246bf1b076e3a5a87d4567cf4afc4c4903880785"
"4.7-inch(684x1216)_ebook/.cache/clangd/index/epdiy_ED047TC2.h.FA4C23B1DB7B0C4A.idx","Generated local unknown-origin or backup file","caf5def715e1e0536726aa388c9e8b2b23f943f161bf58990b92077b210d29b2"
"4.7-inch(684x1216)_ebook/.cache/clangd/index/epdiy_ED060SC4.h.0D3D9F3167A87F64.idx","Generated local unknown-origin or backup file","3abf579bb79e2a512abc0a1cec0b47dc046b2a6d0aaa4a3c1bf25f8466feadd1"
"4.7-inch(684x1216)_ebook/.cache/clangd/index/epdiy_ED060SC4.h.2B0812A8244186C9.idx","Generated local unknown-origin or backup file","328c3487dc0b14e0f2f689c2f5c8c67204ce1d4476427de1936b7b318d369ad0"
"4.7-inch(684x1216)_ebook/.cache/clangd/index/epdiy_ED060SCT.h.2EAB81F3D0DF0016.idx","Generated local unknown-origin or backup file","7b1d0fb9ba5c57dd2ff4c97554a70addad07ee083adc6a6e9beff552b3c527c1"
"4.7-inch(684x1216)_ebook/.cache/clangd/index/epdiy_ED060SCT.h.5CD143EB56503CC5.idx","Generated local unknown-origin or backup file","5abfe35996fff8603138951c2b30c6ae079639c9c31561d735825f07b146a965"
"4.7-inch(684x1216)_ebook/.cache/clangd/index/epdiy_ED060XC3.h.6006AC8D955BE7A8.idx","Generated local unknown-origin or backup file","11a60461fccd441a6a9f835ae37376620e5c72d03b89bec099a8d68d60e9abcf"
"4.7-inch(684x1216)_ebook/.cache/clangd/index/epdiy_ED060XC3.h.758E82769C1043EC.idx","Generated local unknown-origin or backup file","50b6b6a250f1a39b67a4e26445a646d7f504cd5bb27317cc49445f8f472e1883"
"4.7-inch(684x1216)_ebook/.cache/clangd/index/epdiy_ED097OC4.h.8BC4E1C34BBAC2B6.idx","Generated local unknown-origin or backup file","8d6d1e2bb60c295576e073cf562ec19f0f0f98f3a82b4edcfd1fb15ee85c024d"
"4.7-inch(684x1216)_ebook/.cache/clangd/index/epdiy_ED097OC4.h.B4F4BC68289D93B8.idx","Generated local unknown-origin or backup file","f12581500c77d6379e84344907cc7458a3ab9749d9ca6172d5b80ecff277cba6"
"4.7-inch(684x1216)_ebook/.cache/clangd/index/epdiy_ED097TC2.h.1D01A177B9A020A1.idx","Generated local unknown-origin or backup file","c882e76257b84e3155bf6de77a81fb5387269f92ab51fcdd68d29c365bec5a68"
"4.7-inch(684x1216)_ebook/.cache/clangd/index/epdiy_ED097TC2.h.9FB4DE375F77A7E7.idx","Generated local unknown-origin or backup file","29ff50520027f41532ba5f40c3f2673857379addde0e9f4541e82f46b5c5e253"
"4.7-inch(684x1216)_ebook/.cache/clangd/index/epdiy_ED133UT2.h.1384B09027A50407.idx","Generated local unknown-origin or backup file","ab321808c7996a894dc2ef2a2c0983736e530bb496bc9c5903318c8ea8c4f28a"
"4.7-inch(684x1216)_ebook/.cache/clangd/index/epdiy_ED133UT2.h.2A30D4F49D9DB371.idx","Generated local unknown-origin or backup file","89c3b4aadcbe049b356eda1fd3d60012c7cc624c1af41b2860c61f237e3aaaea"
"4.7-inch(684x1216)_ebook/.cache/clangd/index/epdiy_NULL.h.32225D7C6937F5EA.idx","Generated local unknown-origin or backup file","4a469cefd9aa454aeee5776abfa65046621b414f2e60543165da34d03d064c49"
"4.7-inch(684x1216)_ebook/.cache/clangd/index/epdiy_NULL.h.E24FFF57EABC04E2.idx","Generated local unknown-origin or backup file","73b0899374e5025c09453205c43fbadc15429891a5b463aa88feac7fa040a42d"
"4.7-inch(684x1216)_ebook/.cache/clangd/index/event_bus.c.BFACA47C7970D740.idx","Generated local unknown-origin or backup file","491ffb4651ed30332a175c1f73b753b6a073db81f88c157c774cd0f4279345dd"
"4.7-inch(684x1216)_ebook/.cache/clangd/index/event_bus.c.DF3A629C8AA1D38D.idx","Generated local unknown-origin or backup file","ce06ba8155b72d7aa94b869b6633d39bc49b69ca6388dd8911872c569cedd487"
"4.7-inch(684x1216)_ebook/.cache/clangd/index/event_bus.h.19B313D5AEE7BB01.idx","Generated local unknown-origin or backup file","3354c8de89864b74d03eb57c00c26e8b0eb4f2960c43a5b4cf160c1a89ead8f1"
"4.7-inch(684x1216)_ebook/.cache/clangd/index/event_bus.h.C16F255EB186B3C0.idx","Generated local unknown-origin or backup file","87acd25d03c927bebc8278a3c1891074bce10fc3d0db2022b6e02ce2e0ded4da"
"4.7-inch(684x1216)_ebook/.cache/clangd/index/factor_test.c.1D4763257D31E62F.idx","Generated local unknown-origin or backup file","b68d6df1381f38af1f0e6bd93486e3e05c004e84529bc797d10e498cf42da0a7"
"4.7-inch(684x1216)_ebook/.cache/clangd/index/factor_test.c.907B6CA9EAC2EBC8.idx","Generated local unknown-origin or backup file","ed20beb04377322ab2db2a77d330b234c947e4e95d4c86142d4b3f274deabee5"
"4.7-inch(684x1216)_ebook/.cache/clangd/index/factor_test.h.38D1A3BBAC5FEFA8.idx","Generated local unknown-origin or backup file","8ad39afdba5433f32b570dc5f74c0079deab5422565192ec63f10651dbeba143"
"4.7-inch(684x1216)_ebook/.cache/clangd/index/factor_test.h.3993948643C0C834.idx","Generated local unknown-origin or backup file","6d1a161c571baab280034e9a8f4b54e9bad3354e37233a245ce7368c35912b4a"
"4.7-inch(684x1216)_ebook/.cache/clangd/index/font.c.7960CF45CF4FCE3F.idx","Generated local unknown-origin or backup file","3652647e2da43b16c366407f38015c87193cdf2239b81223f58b8816f3844afa"
"4.7-inch(684x1216)_ebook/.cache/clangd/index/font.c.986C8E616DCC6202.idx","Generated local unknown-origin or backup file","2b7038df32c935e4c8b54a670d0e359508da4ead4a03815a999be063c7614797"
"4.7-inch(684x1216)_ebook/.cache/clangd/index/highlevel.c.9AF0191A2223AC76.idx","Generated local unknown-origin or backup file","a9336e23ae21d7aa5f99e8b6c79601853659c8cd19eabb465a92fa44fe202999"
"4.7-inch(684x1216)_ebook/.cache/clangd/index/highlevel.c.B310015E2FD52B19.idx","Generated local unknown-origin or backup file","2dfa0b497e1e52aa6c7356d9a396d77373ead23ba5f1713a1ec890327025fbd9"
"4.7-inch(684x1216)_ebook/.cache/clangd/index/i2s_data_bus.c.7FE7BB176C935282.idx","Generated local unknown-origin or backup file","4f954034cef0c1ac9b88ed355f27bf07d9c349ba64339cb0303e883ac6fe25ea"
"4.7-inch(684x1216)_ebook/.cache/clangd/index/i2s_data_bus.c.FA14B450EB700002.idx","Generated local unknown-origin or backup file","674594cdb99d113d9ce800e409233c38d20262ab60266930d74f14643c777193"
"4.7-inch(684x1216)_ebook/.cache/clangd/index/i2s_data_bus.h.080BF3D4CFA9004A.idx","Generated local unknown-origin or backup file","03adddc6c758a22c71a61464bce1d3fdcdbaaebdd434977f96203b35c613a321"
"4.7-inch(684x1216)_ebook/.cache/clangd/index/i2s_data_bus.h.DCC7CBB6DD4D301D.idx","Generated local unknown-origin or backup file","e69b8c4f275404fa097d4323096ab1340d953b7842619be62883ee52b89a8b6e"
"4.7-inch(684x1216)_ebook/.cache/clangd/index/image_storage.c.CCF5150303FE0C61.idx","Generated local unknown-origin or backup file","09211b36a3acd21a7ff27c5626c8637585d8384fd8a77aea64809311ad33e31a"
"4.7-inch(684x1216)_ebook/.cache/clangd/index/image_storage.h.D46B2E6EDD236D11.idx","Generated local unknown-origin or backup file","ed24836235d4a901662f2db4f2b3bf4af7b13a67c3637cc239d564d16c7525a6"
"4.7-inch(684x1216)_ebook/.cache/clangd/index/key_manager.c.11B683A78486549B.idx","Generated local unknown-origin or backup file","2351bdd417e0ea52ac433732719f29a0d3aee76e8ca7e94b3acae05f8b573b57"
"4.7-inch(684x1216)_ebook/.cache/clangd/index/key_manager.c.EB1A671663B8CB7A.idx","Generated local unknown-origin or backup file","e945f6785ad769dafda06efcb64d0327e2bda56bad4742ba5bebc8a29fb1b2dc"
"4.7-inch(684x1216)_ebook/.cache/clangd/index/key_manager.h.245B6B484F8AEE08.idx","Generated local unknown-origin or backup file","9ba14e9ff24139b0954d8a54f35cced95a87ee8fa8f47562115c0b9277d109e9"
"4.7-inch(684x1216)_ebook/.cache/clangd/index/key_manager.h.5B2F361548E2B2B5.idx","Generated local unknown-origin or backup file","e71153bb9460ffe6cc1729fbe34a92925de072a5ff33d9a997192f40386cb8ca"
"4.7-inch(684x1216)_ebook/.cache/clangd/index/lcd_driver.c.5658069CFFBC3D4E.idx","Generated local unknown-origin or backup file","c378146a6c24921338151d83d18c180be9b0ca64ca8b9dbb91a9759ad44394ff"
"4.7-inch(684x1216)_ebook/.cache/clangd/index/lcd_driver.c.72022B3B9800D5F7.idx","Generated local unknown-origin or backup file","a51c71284fd476a872d476f50b44d0db315423ad0984d3d58240d68afeed8224"
"4.7-inch(684x1216)_ebook/.cache/clangd/index/lcd_driver.h.A479F391BE9B9431.idx","Generated local unknown-origin or backup file","4b67cc130c8c65d7c05c785b33e60ce3df511b9bd147d7b8fd488cd1a24769b7"
"4.7-inch(684x1216)_ebook/.cache/clangd/index/lcd_driver.h.C963FA2F476A55CF.idx","Generated local unknown-origin or backup file","5f89d1bbae2c06b76cb1d41781405d5f9651eec5773b5417222eae7f1c6addaf"
"4.7-inch(684x1216)_ebook/.cache/clangd/index/line_queue.c.B1AA6729092AF4F8.idx","Generated local unknown-origin or backup file","9c356c70a6398ad6831870626ad2176ad385e3912668f9f6c6b3aa0a475b16c7"
"4.7-inch(684x1216)_ebook/.cache/clangd/index/line_queue.c.CE770ABC8B24CFFB.idx","Generated local unknown-origin or backup file","3d386e3e418ce25cf7a9892da80518f4032771ce6094959ace0def92b8694d01"
"4.7-inch(684x1216)_ebook/.cache/clangd/index/line_queue.h.69C3D265A20C1134.idx","Generated local unknown-origin or backup file","fedfd32f7d985cc66310a3dc3e5a67a5362b241c25cca2d8cd7a0b2d8f56f0f0"
"4.7-inch(684x1216)_ebook/.cache/clangd/index/line_queue.h.F19454C8B593C56F.idx","Generated local unknown-origin or backup file","feb531a3b29488617cfb56e2e87d8b640af3701a7e8a8f7ae9458932d3e7b414"
"4.7-inch(684x1216)_ebook/.cache/clangd/index/lut.c.8DE0EFBD7A7A3A2A.idx","Generated local unknown-origin or backup file","14ae76959a573895e3ba33d291d954b0e2afa2fc4d3e234a31b1645eba745827"
"4.7-inch(684x1216)_ebook/.cache/clangd/index/lut.c.BA5C720E931D8734.idx","Generated local unknown-origin or backup file","5022c59cf02f3a110a8b441271e7cb5ec066612ba8e894065706424fb21c7681"
"4.7-inch(684x1216)_ebook/.cache/clangd/index/lut.h.485E10C56F1B6E85.idx","Generated local unknown-origin or backup file","75eed01e5925db476399be8f6710716ce3695ad986397d93204eb51ca53553b1"
"4.7-inch(684x1216)_ebook/.cache/clangd/index/lut.h.75633597FCEEDA24.idx","Generated local unknown-origin or backup file","93c3af391c6cf048997db7a46f8b5d71ba87b7b86d37c054a162efea10185dfc"
"4.7-inch(684x1216)_ebook/.cache/clangd/index/lut.S.1D189A02E40AA953.idx","Generated local unknown-origin or backup file","f7061e33be2eb8ac0431b6189e5ae1861a6d52b80667d3c072305edac7ccd562"
"4.7-inch(684x1216)_ebook/.cache/clangd/index/lut.S.ED24C9CECA368B84.idx","Generated local unknown-origin or backup file","8b3ac776236a77ccd607de6b52084549774e5913e421cc771efa34b622872a8d"
"4.7-inch(684x1216)_ebook/.cache/clangd/index/main.c.6DABF9C332615450.idx","Generated local unknown-origin or backup file","dc314ab5e5e3476c41ef48725bf79fe08e3b6d5afe3fdd76650a752009eb35ea"
"4.7-inch(684x1216)_ebook/.cache/clangd/index/main.c.976A86C8B76938F5.idx","Generated local unknown-origin or backup file","8e210b1f8d80e45e03f9b5399a477508cb786045a8eb023977646e5d9f40539d"
"4.7-inch(684x1216)_ebook/.cache/clangd/index/my_chinese_font.h.0976C6FC0FBF0B57.idx","Generated local unknown-origin or backup file","20add3ecfb08f6f0032c5f74af6936f8df9630b610c8f0348fd46810107fbee0"
"4.7-inch(684x1216)_ebook/.cache/clangd/index/my_chinese_font.h.6D9EF2C43D09E9B1.idx","Generated local unknown-origin or backup file","14343ca3b964f53f9be9da7c8be64281f2dc592bb83b6921a4d9af1d148482e9"
"4.7-inch(684x1216)_ebook/.cache/clangd/index/my_waveform.c.950B64A894DF6937.idx","Generated local unknown-origin or backup file","68114fe3c4370c3201655751b85cd0cd8588a4c79f3d8e86365631dcd73ec385"
"4.7-inch(684x1216)_ebook/.cache/clangd/index/my_waveform.h.823A565AF6850D88.idx","Generated local unknown-origin or backup file","f3ccef6dc647cc1bcd6dc1f9a80ad09b908585312837b762a118c3ffae6a8893"
"4.7-inch(684x1216)_ebook/.cache/clangd/index/my_waveform_du.h.AF6FB251FA291D1F.idx","Generated local unknown-origin or backup file","1bae99c54a9711bbb16dfceddd3927582dd52e4856df3a16f2ad398a3309ebd8"
"4.7-inch(684x1216)_ebook/.cache/clangd/index/my_waveform_gc.h.429ECF83EC19D53E.idx","Generated local unknown-origin or backup file","c32ec573a20faa4b3a6c4bc10977af315b176f32499fe4ddde907ceac693529d"
"4.7-inch(684x1216)_ebook/.cache/clangd/index/my_waveform_gl.h.933F9614F7C727A8.idx","Generated local unknown-origin or backup file","d25bbf3795f88f3e9058ad2c31ce3ce4e5228520f2d90e628e426fec28c9666a"
"4.7-inch(684x1216)_ebook/.cache/clangd/index/pca9555.c.074DF5598DB847A4.idx","Generated local unknown-origin or backup file","e9b1aaa1e27a46039651bbe47d015eb4c665fb4f2c33cfa37b6858c0f45ee25c"
"4.7-inch(684x1216)_ebook/.cache/clangd/index/pca9555.c.6B1CC32BEDD00932.idx","Generated local unknown-origin or backup file","068ade060197cb961891b29835150902fd9235d70e2697a5da9fd668a5ffef45"
"4.7-inch(684x1216)_ebook/.cache/clangd/index/pca9555.h.0E7624401BC111A0.idx","Generated local unknown-origin or backup file","97d9140f8fa29e8903a473b185a31878524b1eb89b68a6d451ac04cf8621057a"
"4.7-inch(684x1216)_ebook/.cache/clangd/index/pca9555.h.D85E7C796D3DD678.idx","Generated local unknown-origin or backup file","6506df99aecb74a72d945f494b0ecda02a1dfedae234d628148347282058e357"
"4.7-inch(684x1216)_ebook/.cache/clangd/index/render.c.E51E4043B3029135.idx","Generated local unknown-origin or backup file","0e1d312a6481ab7a2b1737fe68567f36daf3fe080b43e02ccdb6eb2b6d5fadf0"
"4.7-inch(684x1216)_ebook/.cache/clangd/index/render.c.F2A35E611FA8C702.idx","Generated local unknown-origin or backup file","7d473c685207c62e89ad9d372df307175d6a231d1146d30fe5d3963f049687c6"
"4.7-inch(684x1216)_ebook/.cache/clangd/index/render.h.35F6EFA54E81D1FA.idx","Generated local unknown-origin or backup file","8b63a19c831c76ab03e512313af9ee3169877b5113887c6f4e217df4e5c06c5a"
"4.7-inch(684x1216)_ebook/.cache/clangd/index/render.h.EF55BDE1B677644B.idx","Generated local unknown-origin or backup file","1fe5baafa267149352aeb67f1b90ff32496201489631f00529a4bf404d9669bf"
"4.7-inch(684x1216)_ebook/.cache/clangd/index/render_context.c.3FD0CEA5F957E162.idx","Generated local unknown-origin or backup file","f8bf9f362533f9e242b552403f9ab4bbb953dba5671ad55d1a70a23f69df0827"
"4.7-inch(684x1216)_ebook/.cache/clangd/index/render_context.c.7A179F9DE8F4CD22.idx","Generated local unknown-origin or backup file","2cc0426a457473e21719ac782045bb348ce8a2f93e084b67aabe79141610911f"
"4.7-inch(684x1216)_ebook/.cache/clangd/index/render_context.h.5F2E4C612565E433.idx","Generated local unknown-origin or backup file","3b1fa3e6e3362edfccb900d67b275101f2d368bac70fc940dac0d7fcbab73098"
"4.7-inch(684x1216)_ebook/.cache/clangd/index/render_context.h.6380FEEC8158E930.idx","Generated local unknown-origin or backup file","db04d117aab3dd40dfc0157f35a8504ab7c8d07e92b80a4401691a59a81f529c"
"4.7-inch(684x1216)_ebook/.cache/clangd/index/render_i2s.c.20B75E39EE8929C3.idx","Generated local unknown-origin or backup file","f7c41f28b4e8999dde143fba90449575869d65d5bef61bdab70b349e94e57381"
"4.7-inch(684x1216)_ebook/.cache/clangd/index/render_i2s.c.827EE20B63FE7572.idx","Generated local unknown-origin or backup file","17520ccc2a4518bbe826d30b51d5fdebce7f3e760b75c7c87e7b8083de731840"
"4.7-inch(684x1216)_ebook/.cache/clangd/index/render_i2s.h.58D80784AF81B795.idx","Generated local unknown-origin or backup file","f50816805347dfa0c3c56ca5bd3e7786a76f73fa2a8d679e185744943137d449"
"4.7-inch(684x1216)_ebook/.cache/clangd/index/render_i2s.h.5E8D090422DD4BE1.idx","Generated local unknown-origin or backup file","b7f43fe564c9f77a97973d77174dfd2caceac12aa2ea77c2d59aecdc01901fc8"
"4.7-inch(684x1216)_ebook/.cache/clangd/index/render_lcd.c.29FA0654324DF0EC.idx","Generated local unknown-origin or backup file","24c704a5afd9426a13696bc641958b8b53cb16e4e9c233ad5d1970f32123e1f3"
"4.7-inch(684x1216)_ebook/.cache/clangd/index/render_lcd.c.29FD0D5D635DB3F1.idx","Generated local unknown-origin or backup file","5c19913b02ac1d7e0f18b33fda69cd6099515db8220c2a50bfcd2678204dc3da"
"4.7-inch(684x1216)_ebook/.cache/clangd/index/render_lcd.h.91F3A37DB39ACB08.idx","Generated local unknown-origin or backup file","45bacd233f6c65c73bbe810868357e367493c7eabe2956f3d17a80297c4646c2"
"4.7-inch(684x1216)_ebook/.cache/clangd/index/render_lcd.h.AE6724EC9D3FB0B2.idx","Generated local unknown-origin or backup file","db4ff66c88a85f3184b5d29b71ce9485e48726a303ded99c4bbfeaffadb5d45f"
"4.7-inch(684x1216)_ebook/.cache/clangd/index/render_method.c.1829BD45D400789E.idx","Generated local unknown-origin or backup file","ee50a581e09a0379d3349a2aef2219162fcfe3cee94a8782e047f994f1d084ef"
"4.7-inch(684x1216)_ebook/.cache/clangd/index/render_method.c.3B6463F459D38607.idx","Generated local unknown-origin or backup file","de1d3a1479e76a7e146029141bd492715c8f5b00bf668b107144fa081c34622e"
"4.7-inch(684x1216)_ebook/.cache/clangd/index/render_method.h.723053A6CAE6742F.idx","Generated local unknown-origin or backup file","303fb65ab253b1db9d5c8baca9a289a6a8172a5154666c3ba6f6d58df1ef6cab"
"4.7-inch(684x1216)_ebook/.cache/clangd/index/render_method.h.96645CB31DCE68C2.idx","Generated local unknown-origin or backup file","5e738d0e69c4e56873f575a30a3f01e2cf4dd695b072bbb62c9e36b6e9b9571b"
"4.7-inch(684x1216)_ebook/.cache/clangd/index/rmt_pulse.c.31ADAEB078E467F2.idx","Generated local unknown-origin or backup file","4c01958f6d1240fed9d2beaa714f1288960957d7648b634d09aef47752392092"
"4.7-inch(684x1216)_ebook/.cache/clangd/index/rmt_pulse.c.4534CE2051EE591F.idx","Generated local unknown-origin or backup file","d9868050c2eb2f6c0b5fa96a25e969bc4e4c5f5c488c7f7e9f1010a58de2087a"
"4.7-inch(684x1216)_ebook/.cache/clangd/index/tps65185.c.1DB1542FA89CCC48.idx","Generated local unknown-origin or backup file","f4188bb4ba75434a4c7cbfea5782f6a1dd44f981939e5de33c9fa73c154b661d"
"4.7-inch(684x1216)_ebook/.cache/clangd/index/tps65185.c.5B09BCF71D4E6E27.idx","Generated local unknown-origin or backup file","55fa49898cda0379939a8b4ee36242d1c3383b7025713654215c5aadbe95007e"
"4.7-inch(684x1216)_ebook/.cache/clangd/index/tps65185.h.2B7209D5F50F66C2.idx","Generated local unknown-origin or backup file","0cfa734495100ef999e489b05261622300125dab74ce55aeceae4a31359925c3"
"4.7-inch(684x1216)_ebook/.cache/clangd/index/tps65185.h.3B23A5097A50A66A.idx","Generated local unknown-origin or backup file","732cf2310b6598928f4ed35e09b3e0bb18db9d9786138ec9d4b8aedd0e88dd0f"
"4.7-inch(684x1216)_ebook/.cache/clangd/index/ui_manager.c.3D0D58EFC8D190A5.idx","Generated local unknown-origin or backup file","52db28e212e7d8c3fea1f4588723277480082148a15d591c18931d5fb299292d"
"4.7-inch(684x1216)_ebook/.cache/clangd/index/ui_manager.c.CD1C7EB20F69D7B9.idx","Generated local unknown-origin or backup file","112e4f00a8379e5ba1c41590380a82b210ed8daca3e00b135a8a494929c69e26"
"4.7-inch(684x1216)_ebook/.cache/clangd/index/ui_manager.h.31241D6AF4100C4A.idx","Generated local unknown-origin or backup file","f4e8be6b636db3b0b5675da8b148610e2eff097e95a940b225b622e4fcc785d0"
"4.7-inch(684x1216)_ebook/.cache/clangd/index/ui_manager.h.54AF885720C85A02.idx","Generated local unknown-origin or backup file","ca106fe2e2a1b82092e9339d0841c84d3d24195953139e3fc89b7e3c995c0e68"
"4.7-inch(684x1216)_ebook/.cache/clangd/index/ui_theme.c.0CF9BB21EBB71C84.idx","Generated local unknown-origin or backup file","2d46de27208f4c87c1232e561cf9b91f877e1e8bfea2be2619d119792b8c1296"
"4.7-inch(684x1216)_ebook/.cache/clangd/index/ui_theme.c.2CFDE6547130743A.idx","Generated local unknown-origin or backup file","24e21b4ada48ca9f3e15a7b46e331d1f538637b235d23f3f52f6c735f0a365d6"
"4.7-inch(684x1216)_ebook/.cache/clangd/index/ui_theme.h.27EE6878CCA225C1.idx","Generated local unknown-origin or backup file","f3561ea876085f6054fa9a3fe57eadce90e2b19191f293cd9778b8e8059b1afd"
"4.7-inch(684x1216)_ebook/.cache/clangd/index/ui_theme.h.D75A3E051E75C355.idx","Generated local unknown-origin or backup file","d335343744466542212455fa3b86248f2fb3a6282a2fb944c314226a119da996"
"4.7-inch(684x1216)_ebook/.cache/clangd/index/weather_client.c.035059402B44E1B6.idx","Generated local unknown-origin or backup file","fb836988d99842e009162780127b417466610df2a04aea4fa4fa056d543cfdf3"
"4.7-inch(684x1216)_ebook/.cache/clangd/index/weather_client.h.D165EEEFDA2C5F50.idx","Generated local unknown-origin or backup file","af8ac779b253f4cf6902377fd0f500cd5ba01049cecc2a0f9ceeede4f145ae66"
"4.7-inch(684x1216)_ebook/.cache/clangd/index/web_server.c.4C903D58CE881113.idx","Generated local unknown-origin or backup file","040b6dc148c9e8ec152aad86698a443b1bff96a2ca3102302e8f5fb83f4aa608"
"4.7-inch(684x1216)_ebook/.cache/clangd/index/web_server.c.B2C52A2DE9DACC98.idx","Generated local unknown-origin or backup file","0513c4acc9e73cd233eee68fd17982d2048fc4c5a328a561841d13c4e94199d8"
"4.7-inch(684x1216)_ebook/.cache/clangd/index/web_server.h.45E06FA952A2C28F.idx","Generated local unknown-origin or backup file","627d9d440326df1e273a75dc388a212dd589eda3e92cf2b8eba4de45b2337118"
"4.7-inch(684x1216)_ebook/.cache/clangd/index/web_server.h.95A8E0F8539D9803.idx","Generated local unknown-origin or backup file","3f8c875a1c9ceb2977bb68b0666298c3c2c55b7fabe941bb9ee49cf4255489dd"
"4.7-inch(684x1216)_ebook/.cache/clangd/index/wifi_config.h.DA0DC1B4468C04C4.idx","Generated local unknown-origin or backup file","8b9ed837942dabdb3232e1c976f286450b2ad0eda5f0fd818128f486ff53981c"
"4.7-inch(684x1216)_ebook/.cache/clangd/index/wifi_config.h.F515A6066FCCAE45.idx","Generated local unknown-origin or backup file","9f06e560a7e1136d91a1df4c0092a2fb63ae253e2e41f39b7a2a880ec103dbf4"
"4.7-inch(684x1216)_ebook/.cache/clangd/index/wifi_manager.c.1BEA421DF13BE713.idx","Generated local unknown-origin or backup file","17b5e536247d2a8d8c99bba5b40c67624e49c72d3a5c57deea105b8e55d1d735"
"4.7-inch(684x1216)_ebook/.cache/clangd/index/wifi_manager.c.C054F3EB910CDBCF.idx","Generated local unknown-origin or backup file","dacefd6e40878ef34b13d8a40636ec8d0a3de7c64b51e29766585245bd416903"
"4.7-inch(684x1216)_ebook/.cache/clangd/index/wifi_manager.h.072D3DB27259B0B0.idx","Generated local unknown-origin or backup file","e58f566bf86c13a45678ffb416c006dfc86521d76c93cf033404f15a15959276"
"4.7-inch(684x1216)_ebook/.cache/clangd/index/wifi_manager.h.F151ABED49E212C4.idx","Generated local unknown-origin or backup file","88e42ceed0be474c2c052094fb9f9aec8f99ff604b0d34d8205f3ca2145b043d"
"4.7-inch(684x1216)_ebook/.clangd","Generated local unknown-origin or backup file","b64f692298e718f35ed78bfdff2d4eccba2d5f8e7b995a119a7cfffba463b931"
"4.7-inch(684x1216)_ebook/.vscode/c_cpp_properties.json","Generated local unknown-origin or backup file","8bfcc1c910fc79a54fd1e2e6e7b8e2b629dc2ccbb311fe3a2ca949fd30a9ea2f"
"4.7-inch(684x1216)_ebook/.vscode/extensions.json","Generated local unknown-origin or backup file","3cf2e0e2430e29a6f68ab4704118f335d9527ed12974fa953e664da0dfcf50e3"
"4.7-inch(684x1216)_ebook/.vscode/launch.json","Generated local unknown-origin or backup file","e81a6c4fc5c3e644853f4c61ba782df5713462777653307babadd9aa7124e23e"
"4.7-inch(684x1216)_ebook/.vscode/settings.json","Generated local unknown-origin or backup file","38a74d4141c5195de8dd18fd581b549549452c7d0c3652209a34d2360c86a576"
"4.7-inch(684x1216)_ebook/main/dragon.h.bak","Generated local unknown-origin or backup file","13e319b9c38ecf73faf54e2b82212b390db4a68b419973f5847b5daef7ab4977"
"4.7-inch(684x1216)_ebook/pictures/downloaded-image.png","Generated local unknown-origin or backup file","ce546ecc069989b3fd5e1ff3099d54e5bb8e5e134d47d4f85bd1231734990576"
"4.7-inch(684x1216)_ebook/sdkconfig","Generated local unknown-origin or backup file","767fc3f06ece026f643a5e9a37e51a62830f6a21b4cc46585879aa31e8b4b843"
"4.7-inch(684x1216)_ebook/sdkconfig.old","Generated local unknown-origin or backup file","0506fd62fad8ffd7dfb3fd9d20eed9eca6abb9629d80098bd7d58af45a263b26"
"epdiy-upstream/.clang-format","Upstream repository is referenced by URL and commit instead of duplicated","8fc413c2f606cb07b4cd805f5d0a29381e84ec31da473bf1e8d8412efec2a445"
"epdiy-upstream/.git/config","Upstream repository is referenced by URL and commit instead of duplicated","fb1b2dbf02679d520a2b9c0c41383b1d8a966c10178235714d38b6fd54d21530"
"epdiy-upstream/.git/description","Upstream repository is referenced by URL and commit instead of duplicated","85ab6c163d43a17ea9cf7788308bca1466f1b0a8d1cc92e26e9bf63da4062aee"
"epdiy-upstream/.git/HEAD","Upstream repository is referenced by URL and commit instead of duplicated","28d25bf82af4c0e2b72f50959b2beb859e3e60b9630a5e8c603dad4ddb2b6e80"
"epdiy-upstream/.git/hooks/applypatch-msg.sample","Upstream repository is referenced by URL and commit instead of duplicated","0223497a0b8b033aa58a3a521b8629869386cf7ab0e2f101963d328aa62193f7"
"epdiy-upstream/.git/hooks/commit-msg.sample","Upstream repository is referenced by URL and commit instead of duplicated","1f74d5e9292979b573ebd59741d46cb93ff391acdd083d340b94370753d92437"
"epdiy-upstream/.git/hooks/fsmonitor-watchman.sample","Upstream repository is referenced by URL and commit instead of duplicated","e0549964e93897b519bd8e333c037e51fff0f88ba13e086a331592bf801fa1d0"
"epdiy-upstream/.git/hooks/post-update.sample","Upstream repository is referenced by URL and commit instead of duplicated","81765af2daef323061dcbc5e61fc16481cb74b3bac9ad8a174b186523586f6c5"
"epdiy-upstream/.git/hooks/pre-applypatch.sample","Upstream repository is referenced by URL and commit instead of duplicated","e15c5b469ea3e0a695bea6f2c82bcf8e62821074939ddd85b77e0007ff165475"
"epdiy-upstream/.git/hooks/pre-commit.sample","Upstream repository is referenced by URL and commit instead of duplicated","57185b7b9f05239d7ab52db045f5b89eb31348d7b2177eab214f5eb872e1971b"
"epdiy-upstream/.git/hooks/pre-merge-commit.sample","Upstream repository is referenced by URL and commit instead of duplicated","d3825a70337940ebbd0a5c072984e13245920cdf8898bd225c8d27a6dfc9cb53"
"epdiy-upstream/.git/hooks/prepare-commit-msg.sample","Upstream repository is referenced by URL and commit instead of duplicated","e9ddcaa4189fddd25ed97fc8c789eca7b6ca16390b2392ae3276f0c8e1aa4619"
"epdiy-upstream/.git/hooks/pre-push.sample","Upstream repository is referenced by URL and commit instead of duplicated","ecce9c7e04d3f5dd9d8ada81753dd1d549a9634b26770042b58dda00217d086a"
"epdiy-upstream/.git/hooks/pre-rebase.sample","Upstream repository is referenced by URL and commit instead of duplicated","4febce867790052338076f4e66cc47efb14879d18097d1d61c8261859eaaa7b3"
"epdiy-upstream/.git/hooks/pre-receive.sample","Upstream repository is referenced by URL and commit instead of duplicated","a4c3d2b9c7bb3fd8d1441c31bd4ee71a595d66b44fcf49ddb310252320169989"
"epdiy-upstream/.git/hooks/push-to-checkout.sample","Upstream repository is referenced by URL and commit instead of duplicated","a53d0741798b287c6dd7afa64aee473f305e65d3f49463bb9d7408ec3b12bf5f"
"epdiy-upstream/.git/hooks/sendemail-validate.sample","Upstream repository is referenced by URL and commit instead of duplicated","44ebfc923dc5466bc009602f0ecf067b9c65459abfe8868ddc49b78e6ced7a92"
"epdiy-upstream/.git/hooks/update.sample","Upstream repository is referenced by URL and commit instead of duplicated","8d5f2fa83e103cf08b57eaa67521df9194f45cbdbcb37da52ad586097a14d106"
"epdiy-upstream/.git/index","Upstream repository is referenced by URL and commit instead of duplicated","a77b9fda7973c57d9dce77075682ef2776b6e58f8a9479f0389adc9f2de674f5"
"epdiy-upstream/.git/info/exclude","Upstream repository is referenced by URL and commit instead of duplicated","6671fe83b7a07c8932ee89164d1f2793b2318058eb8b98dc5c06ee0a5a3b0ec1"
"epdiy-upstream/.git/logs/HEAD","Upstream repository is referenced by URL and commit instead of duplicated","e49d86d68b3f6723830a8f4862b840de303dcca15fe9da5809096785ba854967"
"epdiy-upstream/.git/logs/refs/heads/main","Upstream repository is referenced by URL and commit instead of duplicated","e49d86d68b3f6723830a8f4862b840de303dcca15fe9da5809096785ba854967"
"epdiy-upstream/.git/logs/refs/remotes/origin/HEAD","Upstream repository is referenced by URL and commit instead of duplicated","e49d86d68b3f6723830a8f4862b840de303dcca15fe9da5809096785ba854967"
"epdiy-upstream/.git/objects/pack/pack-7ece95f4e0294a092be022bf4f2b19ac69ae949a.idx","Upstream repository is referenced by URL and commit instead of duplicated","5b67c61f9774775b7c96cb6231c0a7a41946b4d90d788d4deb3439177c4d9da5"
"epdiy-upstream/.git/objects/pack/pack-7ece95f4e0294a092be022bf4f2b19ac69ae949a.pack","Upstream repository is referenced by URL and commit instead of duplicated","2d7f3cce99fa80b2be99193f75ca6b3424a2b86722c2aa0ad605ceb13831187d"
"epdiy-upstream/.git/objects/pack/pack-7ece95f4e0294a092be022bf4f2b19ac69ae949a.rev","Upstream repository is referenced by URL and commit instead of duplicated","d6ce25fb22d480bfa31e90e15fe5fba7ad48311d19c6647a83ec5783cf20b855"
"epdiy-upstream/.git/packed-refs","Upstream repository is referenced by URL and commit instead of duplicated","58929dc115729c9765b7b37ed00fef621a75eb2767a355237228435bc4a82a63"
"epdiy-upstream/.git/refs/heads/main","Upstream repository is referenced by URL and commit instead of duplicated","eb754b1be9c958ee0a32247ceb2b2668851555689dea803d7374905757a7c9e5"
"epdiy-upstream/.git/refs/remotes/origin/HEAD","Upstream repository is referenced by URL and commit instead of duplicated","2bb6a24aa0fc6c484100f5d51a29bbad841cd2c755f5d93faa204e5dbb4eb2b4"
"epdiy-upstream/.git/shallow","Upstream repository is referenced by URL and commit instead of duplicated","eb754b1be9c958ee0a32247ceb2b2668851555689dea803d7374905757a7c9e5"
"epdiy-upstream/.github/workflows/main.yml","Upstream repository is referenced by URL and commit instead of duplicated","5587d78736cfa4a28d52fa69061f388a3265e2eb9ad98782a131fb2d7ad5e866"
"epdiy-upstream/.gitignore","Upstream repository is referenced by URL and commit instead of duplicated","952e1cb755ae3891c77934d751c0ac7267289242d3f1d9e26d0f63823bfd4cd1"
"epdiy-upstream/.readthedocs.yml","Upstream repository is referenced by URL and commit instead of duplicated","4031d8aca627aae1be47576aa577d50dbe566e84be8ad5fae4f76898597de59e"
"epdiy-upstream/CMakeLists.txt","Upstream repository is referenced by URL and commit instead of duplicated","53f43d3944496a7d4ebdbab11e2aa471f5e7b177690289848223d2fd9ad8b1a9"
"epdiy-upstream/doc/Doxyfile","Upstream repository is referenced by URL and commit instead of duplicated","95c41d28a0d53c1f637fd6a58e9ec4b8ee8a6050b693e1bfb871932b6f4469ac"
"epdiy-upstream/doc/html/bc_s.png","Upstream repository is referenced by URL and commit instead of duplicated","9e7ed0ef70f99bb7f763a48ddd95d5990e103bb145eedfd0a76d19c122374be2"
"epdiy-upstream/doc/html/bdwn.png","Upstream repository is referenced by URL and commit instead of duplicated","782b30d237bdbeddfde4aed01f007264cc116b2d4be2f398a7cb74ec7a5bc58b"
"epdiy-upstream/doc/html/closed.png","Upstream repository is referenced by URL and commit instead of duplicated","c98c02adc57337f58c40aae15bbac05a3ccb364e5adb1d610a16452e92f17830"
"epdiy-upstream/doc/html/doc.png","Upstream repository is referenced by URL and commit instead of duplicated","5cd4cb41607a30d7820cc20ea76b4a3b8f57d3d2b7d102b58c8e13ad95e83aa1"
"epdiy-upstream/doc/html/doxygen.css","Upstream repository is referenced by URL and commit instead of duplicated","a9bf6a6c40e0de691becfe38de4353c553bbe886ae7722f9d5151d00c49a766b"
"epdiy-upstream/doc/html/doxygen.png","Upstream repository is referenced by URL and commit instead of duplicated","6973a2aae66bbb99f2b57f2ef160182825fa5305444511ca1eca4e1b0b38528b"
"epdiy-upstream/doc/html/dynsections.js","Upstream repository is referenced by URL and commit instead of duplicated","5e0ecfd005a031c02f99626c308f13ddacfcd92c8fc121b77549463fba9b257f"
"epdiy-upstream/doc/html/folderclosed.png","Upstream repository is referenced by URL and commit instead of duplicated","a6ca13a1c87edcfbfc91317896452c31a9d49c4768f1b4b46ac32e0907e00a73"
"epdiy-upstream/doc/html/folderopen.png","Upstream repository is referenced by URL and commit instead of duplicated","680166339ff62595dd2d2eed3a79fb9fa0c2e8250e89539f6d678aa2e5e51e26"
"epdiy-upstream/doc/html/index.html","Upstream repository is referenced by URL and commit instead of duplicated","b2b075b45a4ac7bc5a1fd5a41dc0b4ae2ac24d147164ad404eb4e866aa7facde"
"epdiy-upstream/doc/html/jquery.js","Upstream repository is referenced by URL and commit instead of duplicated","4ef9c0839c5c6304e482eef92253f760c3cb2bb430d7d9fe0d28aebdba79867d"
"epdiy-upstream/doc/html/menu.js","Upstream repository is referenced by URL and commit instead of duplicated","60f8e0cbcc5e1f80615b71a85ea4e175f586201ac8f0ddfac24988aac212ddbd"
"epdiy-upstream/doc/html/menudata.js","Upstream repository is referenced by URL and commit instead of duplicated","b0beede5cb2daf0998f090c18a5bbbcc3bc847e827cbe70dc5a73cc5c5edfbdf"
"epdiy-upstream/doc/html/nav_f.png","Upstream repository is referenced by URL and commit instead of duplicated","4bdc6a72666e1b300fdfc5ecf102714c9fd57df76fdf47139f8dbf8ae5986364"
"epdiy-upstream/doc/html/nav_g.png","Upstream repository is referenced by URL and commit instead of duplicated","3171164c16baa5953c17821a7ce5feac673c05a56b287453ce3a0bf5048f0999"
"epdiy-upstream/doc/html/nav_h.png","Upstream repository is referenced by URL and commit instead of duplicated","b7711604d6cdeaf3cdfd661fa21fc5bf18de929671c801f00415eaecd35abda3"
"epdiy-upstream/doc/html/open.png","Upstream repository is referenced by URL and commit instead of duplicated","a04665e9dd0ef5ef2c6ddf02b4a12472984485adb027fd12ae6c60ffd203b1a4"
"epdiy-upstream/doc/html/search/close.png","Upstream repository is referenced by URL and commit instead of duplicated","f6eb1d3449c4157f13cba9fea540652efca373c12cbec11d43e7e458364e747e"
"epdiy-upstream/doc/html/search/mag_sel.png","Upstream repository is referenced by URL and commit instead of duplicated","a4f4b2ca8687c4f9389cf9e4f032639c474413193de6cae8e6f90e2fdeecb3f3"
"epdiy-upstream/doc/html/search/nomatches.html","Upstream repository is referenced by URL and commit instead of duplicated","9f88e58b6c0856fa156497077862c0d8cc822f2c7ec74fbd7e3881cd62710f45"
"epdiy-upstream/doc/html/search/search.css","Upstream repository is referenced by URL and commit instead of duplicated","cf15d92a2d82d1cfc638a633ece07f95244e804d13e118cb82f3b52627f56a48"
"epdiy-upstream/doc/html/search/search.js","Upstream repository is referenced by URL and commit instead of duplicated","313ec9a9e08f1a1c986e3bbd0768bf179d6fe05270a4218613ed0dfb5b7bc12f"
"epdiy-upstream/doc/html/search/search_l.png","Upstream repository is referenced by URL and commit instead of duplicated","c0f25b1e48a19fbefb9a69a3fd7d6fc2da3ac9451e7ae117e94eef8b7d69a563"
"epdiy-upstream/doc/html/search/search_m.png","Upstream repository is referenced by URL and commit instead of duplicated","1b8441a9427d3b320d912c210a5f238a71b13e6d2f26de7e98b36dce58d7b68f"
"epdiy-upstream/doc/html/search/search_r.png","Upstream repository is referenced by URL and commit instead of duplicated","7182c37ecd6b1466b89b0193a81dcb98812104358d67c68f92c6199bbbf8c206"
"epdiy-upstream/doc/html/search/searchdata.js","Upstream repository is referenced by URL and commit instead of duplicated","c207e78cc9454069bad06b006ba782e04890724406903c7d06675befe917b074"
"epdiy-upstream/doc/html/splitbar.png","Upstream repository is referenced by URL and commit instead of duplicated","1c555557ca84ba3598f52c281780dd7e22655db21ac383712e62d4540a1bc525"
"epdiy-upstream/doc/html/sync_off.png","Upstream repository is referenced by URL and commit instead of duplicated","39bcba0c183ec442cc90fe27a2dbafd4e1c791aff374b5326ba16880a16d9826"
"epdiy-upstream/doc/html/sync_on.png","Upstream repository is referenced by URL and commit instead of duplicated","9abb731904dd1f8eb00aaea66bfef72d5252931d84cc01cfabde3bea854b5b14"
"epdiy-upstream/doc/html/tab_a.png","Upstream repository is referenced by URL and commit instead of duplicated","5ddd37bdced843340e0679b6b4e7ed2fe318fd0cef76d160543722e0c3eac11f"
"epdiy-upstream/doc/html/tab_b.png","Upstream repository is referenced by URL and commit instead of duplicated","901ae15db25905dca7a17b81c6d51869fd12ea569fc4b072d217786b4b4d73bd"
"epdiy-upstream/doc/html/tab_h.png","Upstream repository is referenced by URL and commit instead of duplicated","e4b9bd9425bc87b33d6b1911e6398673939aa2f15ac505b9a1ab029b8452dd08"
"epdiy-upstream/doc/html/tab_s.png","Upstream repository is referenced by URL and commit instead of duplicated","69f392daa28adc942272615ff2db16bcf084f01ec9fcc2f7f6a632b2bba8c468"
"epdiy-upstream/doc/html/tabs.css","Upstream repository is referenced by URL and commit instead of duplicated","08eca7e89f3dd9ff7f60ea1071450bcc0ac8caa41d5a3cf5bd589eba2f318201"
"epdiy-upstream/doc/latex/doxygen.sty","Upstream repository is referenced by URL and commit instead of duplicated","f7cc341cd397af81c9628e22396cc5f13c8ae82e5f4feab58174759d7887d94c"
"epdiy-upstream/doc/latex/longtable_doxygen.sty","Upstream repository is referenced by URL and commit instead of duplicated","a9c367f9e481f0b5ea4d884bef76d2cf903948a69719f6fd8b0d5b19572e934f"
"epdiy-upstream/doc/latex/Makefile","Upstream repository is referenced by URL and commit instead of duplicated","7aaf4db08026aa114cefcee8131cddb3dd36ce903ccf35c9adefd5945041f925"
"epdiy-upstream/doc/latex/refman.tex","Upstream repository is referenced by URL and commit instead of duplicated","1e229d730d5948f0334ef966e9e13aa40b28f4298819c0a583f0404a675a23ca"
"epdiy-upstream/doc/latex/tabu_doxygen.sty","Upstream repository is referenced by URL and commit instead of duplicated","fce25d868fd17600f42db6a8bd674fdbc04e9ce4d73d4860f9741b0422abc39d"
"epdiy-upstream/doc/make.bat","Upstream repository is referenced by URL and commit instead of duplicated","6b03f6ff09cc5d94f95f9ce948b71d9c8fbd84389a817af9771f1f7a843591d6"
"epdiy-upstream/doc/Makefile","Upstream repository is referenced by URL and commit instead of duplicated","695320b9c0cf4556d700d92a752842cb3207b8b5788956dc3ba6a8b3d09e42f8"
"epdiy-upstream/doc/requirements.txt","Upstream repository is referenced by URL and commit instead of duplicated","ac7cc4afc132d4ac28b8c3e37cf05739838c5879e8758dd30f4434fb074b385b"
"epdiy-upstream/doc/source/about.rst","Upstream repository is referenced by URL and commit instead of duplicated","19959fd1b220c8182cd4cf68d5a89dd5c2fcae074a58fcb89211ad928a88d43b"
"epdiy-upstream/doc/source/api.rst","Upstream repository is referenced by URL and commit instead of duplicated","c739569855eea0467548416c1b5b81e8774c60cde67cb09c47afed72ef94f407"
"epdiy-upstream/doc/source/conf.py","Upstream repository is referenced by URL and commit instead of duplicated","06fb65e189c64f2dd9b6737f816a38d858526278a0075b606d7b0c48cf85f4ad"
"epdiy-upstream/doc/source/filegen.rst","Upstream repository is referenced by URL and commit instead of duplicated","f43a57c57344cea60097ae6959dcb1d5c1419df6712597eb8559dd0afc05f594"
"epdiy-upstream/doc/source/getting_started.rst","Upstream repository is referenced by URL and commit instead of duplicated","bb11652d3a3a3c369ea501362322165cf18be9a1a7a896544de65b46956d11a2"
"epdiy-upstream/doc/source/img/board_p1.jpg","Upstream repository is referenced by URL and commit instead of duplicated","b227954e4b13da4d1cdce42a0ae4a9dd8f4e9074796f49960e3126b56a30325f"
"epdiy-upstream/doc/source/img/board_p2.jpg","Upstream repository is referenced by URL and commit instead of duplicated","dfac007c5f0a2dee46ff4f2e906aef1ca7ad807c92c01c63db15cc169803488e"
"epdiy-upstream/doc/source/img/demo.jpg","Upstream repository is referenced by URL and commit instead of duplicated","5b9bbe439e9d45bb2352aa405f63b951de1f835aeed0bf8e365f89197546b67a"
"epdiy-upstream/doc/source/img/ed060sc4.jpg","Upstream repository is referenced by URL and commit instead of duplicated","ca82cad315c77fe750f277872245991169b97cc6497f31aada501b30460cfdbf"
"epdiy-upstream/doc/source/img/ed097oc4.jpg","Upstream repository is referenced by URL and commit instead of duplicated","1127b6db8bb9c7885087e84e0b559c5ea165613e34156be8c2d83840d2ce14a2"
"epdiy-upstream/doc/source/img/ed097tc2.jpg","Upstream repository is referenced by URL and commit instead of duplicated","914e4cf887417268cfe91d767276d1dea3ce3319fafd0f40e5779e22e34d2055"
"epdiy-upstream/doc/source/img/hardware_page.png","Upstream repository is referenced by URL and commit instead of duplicated","446d7ec4cbed1288fc1d11147e7921cd83bb8c9daecb85180beecd24bbeba230"
"epdiy-upstream/doc/source/img/v6.jpg","Upstream repository is referenced by URL and commit instead of duplicated","e2b05ffb042ed6ec3f2c8b6eeefc97e4fdc2e16c1e0b9edc10b03ab0916983f9"
"epdiy-upstream/doc/source/img/vcom.jpg","Upstream repository is referenced by URL and commit instead of duplicated","37712ef0074b81bbb65bb186d8e5f27027fdc3ee9f6eaa4a4192618ded59e151"
"epdiy-upstream/doc/source/img/vcom_opamp.jpg","Upstream repository is referenced by URL and commit instead of duplicated","44fbb4d700378871a9e46e27f18be7b08e435eb615b93447d7a9c106096cf1d7"
"epdiy-upstream/doc/source/img/vcom_tp.jpg","Upstream repository is referenced by URL and commit instead of duplicated","0c2bdc3e2e3751c4b5490490e33fbf613ff9bfc87dbbcd41238194146ac86573"
"epdiy-upstream/doc/source/index.rst","Upstream repository is referenced by URL and commit instead of duplicated","fde0f0ad39db2164d7fc0ffa5bfc94392ea56ffc74ee26e37f6aad39f85857fa"
"epdiy-upstream/doc/source/tips.rst","Upstream repository is referenced by URL and commit instead of duplicated","9c9b77be0dd3b0049f886aeb77099866719738a808340b71f40e1367f7377a5c"
"epdiy-upstream/examples/calibration_helper/CMakeLists.txt","Upstream repository is referenced by URL and commit instead of duplicated","1b98a6cb8f5ebd549c1616353531adb35ec956ed2b9dcfa4a02191704604c65f"
"epdiy-upstream/examples/calibration_helper/main/CMakeLists.txt","Upstream repository is referenced by URL and commit instead of duplicated","420a97881b10d3555375965595ee3cf7c082bd5fe0b4e601f0283f9254802557"
"epdiy-upstream/examples/calibration_helper/main/main.c","Upstream repository is referenced by URL and commit instead of duplicated","1f6262a144761a26e35c8d6e1912b1f911259ee765dc0802c42a67a7e8eb4f6b"
"epdiy-upstream/examples/calibration_helper/sdkconfig.defaults","Upstream repository is referenced by URL and commit instead of duplicated","e3b0c44298fc1c149afbf4c8996fb92427ae41e4649b934ca495991b7852b855"
"epdiy-upstream/examples/calibration_helper/sdkconfig.defaults.esp32","Upstream repository is referenced by URL and commit instead of duplicated","c3530fab6056bd189d7eb6906f965e35241ad34ffa40efb2bca680341d0fe309"
"epdiy-upstream/examples/calibration_helper/sdkconfig.defaults.esp32s3","Upstream repository is referenced by URL and commit instead of duplicated","4384710a2ef9c6778032cfe55c2eefd77468917ef1707208b84737acb5495c30"
"epdiy-upstream/examples/demo/CMakeLists.txt","Upstream repository is referenced by URL and commit instead of duplicated","0d06ed5007fac26c0a2f39d078d6a671bdd84344098e438fd25076af75c1c031"
"epdiy-upstream/examples/demo/files/beach.jpg","Upstream repository is referenced by URL and commit instead of duplicated","809875a1b1bfd11fe95b9f7710be13c58cbc63d220824bbe8573f9d91d65b407"
"epdiy-upstream/examples/demo/files/board.jpg","Upstream repository is referenced by URL and commit instead of duplicated","a84d3bb747caa5548952f44c8a455987faebdc0e578989d8e1142b3bb1e5cd6d"
"epdiy-upstream/examples/demo/files/giraffe.jpg","Upstream repository is referenced by URL and commit instead of duplicated","401c937e576ab9eafcad0f194253f669841ac85060ef203d45496bce002fb261"
"epdiy-upstream/examples/demo/files/zebra.jpg","Upstream repository is referenced by URL and commit instead of duplicated","1b7036cad2ebdf895740392e8eb2435e412fb24243b23f122a32f641dcf0682b"
"epdiy-upstream/examples/demo/main/CMakeLists.txt","Upstream repository is referenced by URL and commit instead of duplicated","9c2289b9a4a966b733d538571d9e17abe2f45f4cd7d27736e9663a01f26d4a11"
"epdiy-upstream/examples/demo/main/firasans_12.h","Upstream repository is referenced by URL and commit instead of duplicated","a66e260440b1bdb38421ba49e8aa53ff6fc406524f326298ca0f785d59580545"
"epdiy-upstream/examples/demo/main/firasans_20.h","Upstream repository is referenced by URL and commit instead of duplicated","311c16e5a04d27b6103f0882ceab05d74b5a15b3da3b9a610261e2a0e5b2134d"
"epdiy-upstream/examples/demo/main/img_beach.h","Upstream repository is referenced by URL and commit instead of duplicated","93f2193387bd1323279978ba2b681d06eac8f234298b9eefd9ef1bdd176e3e10"
"epdiy-upstream/examples/demo/main/img_board.h","Upstream repository is referenced by URL and commit instead of duplicated","7c440a51c599916da4709a9525faeb42cd5775b13889b28bd339b2ddb291d17f"
"epdiy-upstream/examples/demo/main/img_zebra.h","Upstream repository is referenced by URL and commit instead of duplicated","658f2adcb5c26678bd4d185800a03d6d1c0e3d206b8bdbfc043584ae097df628"
"epdiy-upstream/examples/demo/main/main.c","Upstream repository is referenced by URL and commit instead of duplicated","488feb2b3920a3012492f4d7645c3a03233423c51b3e9442721084a8cf1105d3"
"epdiy-upstream/examples/demo/main/main.ino","Upstream repository is referenced by URL and commit instead of duplicated","05ea4ad8026caee7cf398330680196c371797bdc9bd4c927c7a7fcd595c51f21"
"epdiy-upstream/examples/demo/Makefile","Upstream repository is referenced by URL and commit instead of duplicated","73523fd1b475275fefaeb143cb984fa1b49e396391ab007041ba27857e0022d7"
"epdiy-upstream/examples/demo/sdkconfig.defaults","Upstream repository is referenced by URL and commit instead of duplicated","e3b0c44298fc1c149afbf4c8996fb92427ae41e4649b934ca495991b7852b855"
"epdiy-upstream/examples/demo/sdkconfig.defaults.esp32","Upstream repository is referenced by URL and commit instead of duplicated","c3530fab6056bd189d7eb6906f965e35241ad34ffa40efb2bca680341d0fe309"
"epdiy-upstream/examples/demo/sdkconfig.defaults.esp32s3","Upstream repository is referenced by URL and commit instead of duplicated","4384710a2ef9c6778032cfe55c2eefd77468917ef1707208b84737acb5495c30"
"epdiy-upstream/examples/dragon/cc_dragon.jpg","Upstream repository is referenced by URL and commit instead of duplicated","b03c16ea502e114b329b24abab9e18154e18a19ede8333d851b35bab611ea816"
"epdiy-upstream/examples/dragon/CMakeLists.txt","Upstream repository is referenced by URL and commit instead of duplicated","0c471630e7c546b488f53bed3912c2cf7124abb60cf58d0ea50151eaf1e58d29"
"epdiy-upstream/examples/dragon/main/CMakeLists.txt","Upstream repository is referenced by URL and commit instead of duplicated","420a97881b10d3555375965595ee3cf7c082bd5fe0b4e601f0283f9254802557"
"epdiy-upstream/examples/dragon/main/dragon.h","Upstream repository is referenced by URL and commit instead of duplicated","c5901d312a56cfbacd21ef48b6c729de93c962d6a509ee4c21d68be3d117731c"
"epdiy-upstream/examples/dragon/main/main.c","Upstream repository is referenced by URL and commit instead of duplicated","e1464eb81ccb425f71cef1c3ecd8fab69b969c1e0a9cde1b0e1bcca9690c4d53"
"epdiy-upstream/examples/dragon/main/main.ino","Upstream repository is referenced by URL and commit instead of duplicated","05ea4ad8026caee7cf398330680196c371797bdc9bd4c927c7a7fcd595c51f21"
"epdiy-upstream/examples/dragon/README.md","Upstream repository is referenced by URL and commit instead of duplicated","a5c5a445437e796e95329a9b8e5d8a6e79f44bd06331810ad41988fd8c5f2ffa"
"epdiy-upstream/examples/dragon/sdkconfig.defaults","Upstream repository is referenced by URL and commit instead of duplicated","e3b0c44298fc1c149afbf4c8996fb92427ae41e4649b934ca495991b7852b855"
"epdiy-upstream/examples/dragon/sdkconfig.defaults.esp32","Upstream repository is referenced by URL and commit instead of duplicated","c3530fab6056bd189d7eb6906f965e35241ad34ffa40efb2bca680341d0fe309"
"epdiy-upstream/examples/dragon/sdkconfig.defaults.esp32s3","Upstream repository is referenced by URL and commit instead of duplicated","4384710a2ef9c6778032cfe55c2eefd77468917ef1707208b84737acb5495c30"
"epdiy-upstream/examples/fb_mode_test/CMakeLists.txt","Upstream repository is referenced by URL and commit instead of duplicated","0d06ed5007fac26c0a2f39d078d6a671bdd84344098e438fd25076af75c1c031"
"epdiy-upstream/examples/fb_mode_test/main/CMakeLists.txt","Upstream repository is referenced by URL and commit instead of duplicated","62ee5443b2f8076bb5a4ae5734b06b0f62ac9a188ff2d6f63ccfe6ed513a5e79"
"epdiy-upstream/examples/fb_mode_test/main/main.c","Upstream repository is referenced by URL and commit instead of duplicated","cdeae51d33b36d32cd91029042be13ca87ee5bb8bf7e9a6b005f47de3680cbc6"
"epdiy-upstream/examples/fb_mode_test/sdkconfig.defaults","Upstream repository is referenced by URL and commit instead of duplicated","e3b0c44298fc1c149afbf4c8996fb92427ae41e4649b934ca495991b7852b855"
"epdiy-upstream/examples/fb_mode_test/sdkconfig.defaults.esp32","Upstream repository is referenced by URL and commit instead of duplicated","c3530fab6056bd189d7eb6906f965e35241ad34ffa40efb2bca680341d0fe309"
"epdiy-upstream/examples/fb_mode_test/sdkconfig.defaults.esp32s3","Upstream repository is referenced by URL and commit instead of duplicated","4384710a2ef9c6778032cfe55c2eefd77468917ef1707208b84737acb5495c30"
"epdiy-upstream/examples/grayscale_test/CMakeLists.txt","Upstream repository is referenced by URL and commit instead of duplicated","6685a38e65f5779feaa0169a96e2eb57162aa545a522bdc3e2da3ac79a476f2b"
"epdiy-upstream/examples/grayscale_test/main/CMakeLists.txt","Upstream repository is referenced by URL and commit instead of duplicated","420a97881b10d3555375965595ee3cf7c082bd5fe0b4e601f0283f9254802557"
"epdiy-upstream/examples/grayscale_test/main/main.c","Upstream repository is referenced by URL and commit instead of duplicated","aa956b69b5f70b4989f7ada4e1bdb52a2c352ca220afa43f9a002ed03e9c3489"
"epdiy-upstream/examples/grayscale_test/sdkconfig.defaults","Upstream repository is referenced by URL and commit instead of duplicated","e3b0c44298fc1c149afbf4c8996fb92427ae41e4649b934ca495991b7852b855"
"epdiy-upstream/examples/grayscale_test/sdkconfig.defaults.esp32","Upstream repository is referenced by URL and commit instead of duplicated","c3530fab6056bd189d7eb6906f965e35241ad34ffa40efb2bca680341d0fe309"
"epdiy-upstream/examples/grayscale_test/sdkconfig.defaults.esp32s3","Upstream repository is referenced by URL and commit instead of duplicated","4384710a2ef9c6778032cfe55c2eefd77468917ef1707208b84737acb5495c30"
"epdiy-upstream/examples/http-server/CMakeLists.txt","Upstream repository is referenced by URL and commit instead of duplicated","e94967573cf5cc3e39905bb29e64cbf8fa020f21b5cbf29b78316e6fa3148f0d"
"epdiy-upstream/examples/http-server/component.mk","Upstream repository is referenced by URL and commit instead of duplicated","1f9c8df487bd95f0044fd50b9227f245c2f3f058afba603a26a9dea3b0e1d2fe"
"epdiy-upstream/examples/http-server/main/CMakeLists.txt","Upstream repository is referenced by URL and commit instead of duplicated","28d58ec618b1b9a0b76b6cb963187065bcb20e91c3c288c6ba4daabbf4719d90"
"epdiy-upstream/examples/http-server/main/epd.c","Upstream repository is referenced by URL and commit instead of duplicated","27028882c7638ba1be9840fbc460006ded273ff0479c00381cbb655a4a508e78"
"epdiy-upstream/examples/http-server/main/epd.h","Upstream repository is referenced by URL and commit instead of duplicated","b5b475dad710d7033684880a620c95e8826eb914093152806d0d3b06025e569a"
"epdiy-upstream/examples/http-server/main/main.c","Upstream repository is referenced by URL and commit instead of duplicated","abd25510d5ac6f0dbf01dc13ed3346300ac49602a37e188c30e58617f753a13c"
"epdiy-upstream/examples/http-server/main/server.c","Upstream repository is referenced by URL and commit instead of duplicated","5bde0a2c96e9cecc73fe62f59ef9023df3f42df47ce412f6b55ef1592fff4980"
"epdiy-upstream/examples/http-server/main/server.h","Upstream repository is referenced by URL and commit instead of duplicated","b5fb8bd291785b70176d15fdc6bf0000dad4ff97084f9eff08dfb86e4d3f732d"
"epdiy-upstream/examples/http-server/main/settings.h","Upstream repository is referenced by URL and commit instead of duplicated","32643035078a2444af32cc4210d93540a64ebe9add77e91d9d9b8638480701a6"
"epdiy-upstream/examples/http-server/README.md","Upstream repository is referenced by URL and commit instead of duplicated","55bae053238e2a378ca197d6b4f47ec9cf49e1721252253c92d11f001e5c8dcf"
"epdiy-upstream/examples/http-server/sdkconfig.defaults","Upstream repository is referenced by URL and commit instead of duplicated","e3b0c44298fc1c149afbf4c8996fb92427ae41e4649b934ca495991b7852b855"
"epdiy-upstream/examples/http-server/sdkconfig.defaults.esp32","Upstream repository is referenced by URL and commit instead of duplicated","c3530fab6056bd189d7eb6906f965e35241ad34ffa40efb2bca680341d0fe309"
"epdiy-upstream/examples/http-server/sdkconfig.defaults.esp32s3","Upstream repository is referenced by URL and commit instead of duplicated","4384710a2ef9c6778032cfe55c2eefd77468917ef1707208b84737acb5495c30"
"epdiy-upstream/examples/http-server/send_image.py","Upstream repository is referenced by URL and commit instead of duplicated","e76cfcb0bd0c77c0f4db43311e5dd1af3410be0321ef3f3a65f013ca507c14a6"
"epdiy-upstream/examples/lilygo-t5-47-epd-platformio/.gitignore","Upstream repository is referenced by URL and commit instead of duplicated","ffa836ff01b84a0efae5435f429ebf097eb74e7da839c2d1338e3a631d5942fb"
"epdiy-upstream/examples/lilygo-t5-47-epd-platformio/lib/Firasans/Firasans.h","Upstream repository is referenced by URL and commit instead of duplicated","a095b218b76325573e1ef8246d384954e709b3c56900bab81d8f06803a12a675"
"epdiy-upstream/examples/lilygo-t5-47-epd-platformio/lib/README","Upstream repository is referenced by URL and commit instead of duplicated","b18c320c1e1754993cdf872623d124e8c56bfda32a9a474b2e7bc3f5f75474c3"
"epdiy-upstream/examples/lilygo-t5-47-epd-platformio/platformio.ini","Upstream repository is referenced by URL and commit instead of duplicated","75605fe81bf141298fe052303b8588a7542f5c3dff6ee7d5a44db21ea37729f0"
"epdiy-upstream/examples/lilygo-t5-47-epd-platformio/README.md","Upstream repository is referenced by URL and commit instead of duplicated","6d92cce16dd7c3a07c336d37f4236b8a5537b153ab990a5f7d58a45b0ef1fc64"
"epdiy-upstream/examples/lilygo-t5-47-epd-platformio/src/main.cpp","Upstream repository is referenced by URL and commit instead of duplicated","de1e16253a3060316e526301d7936f6c84be886d8e4111c69ba1c8b6ca4e9884"
"epdiy-upstream/examples/screen_diag/CMakeLists.txt","Upstream repository is referenced by URL and commit instead of duplicated","000375f41a17953275515aa0264fd9fa6bcc99c57829ddbbdf06a7912313fd70"
"epdiy-upstream/examples/screen_diag/main/CMakeLists.txt","Upstream repository is referenced by URL and commit instead of duplicated","d7340c84f4e603ef8694b5a90d30c13e0f9fc83a0c3bdebc0538bf3b962ec6c9"
"epdiy-upstream/examples/screen_diag/main/commands.c","Upstream repository is referenced by URL and commit instead of duplicated","a9d658cc1582ca3dd803f594617f6d264f434a634a348e912fb6400db6368fad"
"epdiy-upstream/examples/screen_diag/main/commands.h","Upstream repository is referenced by URL and commit instead of duplicated","0b67630d583038f23eec38563f449b920f7f990e66a48c1cfb5e81b4274e4c4b"
"epdiy-upstream/examples/screen_diag/main/commands/graphics.c","Upstream repository is referenced by URL and commit instead of duplicated","89d1eb43f874b5870f5797a6daee8028ca7b9a7cf33f3008a0e29aaf939a92a0"
"epdiy-upstream/examples/screen_diag/main/commands/graphics.h","Upstream repository is referenced by URL and commit instead of duplicated","e6f8a40f540c870ab7ab3935ed84ffd991817d4586c0a11cf24e1456634206a0"
"epdiy-upstream/examples/screen_diag/main/commands/screen.c","Upstream repository is referenced by URL and commit instead of duplicated","19f3fcc1907424afca3e33c7288dea37ce2a9bb7b90948b53b806419a9008132"
"epdiy-upstream/examples/screen_diag/main/commands/screen.h","Upstream repository is referenced by URL and commit instead of duplicated","ab68bf2aaa012352526a73b88e75342888d69347e376a4c58f1ff57a1bdcb95e"
"epdiy-upstream/examples/screen_diag/main/commands/system.c","Upstream repository is referenced by URL and commit instead of duplicated","3574f92a86290608b46bfb6a315f62753e6c23fa4b1b470a680bfaffd7dd0dc0"
"epdiy-upstream/examples/screen_diag/main/commands/system.h","Upstream repository is referenced by URL and commit instead of duplicated","4be9e04c600ad6f4a8898ab18ee46d0af4c1a08f03ae459de76f0a0df8f3fe3a"
"epdiy-upstream/examples/screen_diag/main/commands/tests.c","Upstream repository is referenced by URL and commit instead of duplicated","2887fefe5400b59a6cf50f1293355361464da0f1fca6c76f017b1de77a1cf759"
"epdiy-upstream/examples/screen_diag/main/commands/tests.h","Upstream repository is referenced by URL and commit instead of duplicated","6c38ba4bea6336818e45708fb9b315d35a176e7694b997977fffe448d0875616"
"epdiy-upstream/examples/screen_diag/main/epd.c","Upstream repository is referenced by URL and commit instead of duplicated","6cfb226678117d5df6ecb608bfcd8a7b935da28d7d79a31d08c9ec783c0a0e4e"
"epdiy-upstream/examples/screen_diag/main/epd.h","Upstream repository is referenced by URL and commit instead of duplicated","3f74cc1d0f701dcb9c0d2466ac94f2c61958870d90da5488f80e6a9cb907a33c"
"epdiy-upstream/examples/screen_diag/main/res/fonts/alexandria.h","Upstream repository is referenced by URL and commit instead of duplicated","c22efab0f8d914731732cdaabd6d5dfe907573e67cc5c3b74cd222c6f11cbc15"
"epdiy-upstream/examples/screen_diag/main/res/fonts/amiri.h","Upstream repository is referenced by URL and commit instead of duplicated","f6eefe76f4d95084ba3e97dc5e9b6b5013e155c0e2e10e7dc49b002919ee269b"
"epdiy-upstream/examples/screen_diag/main/res/fonts/fonts.h","Upstream repository is referenced by URL and commit instead of duplicated","e96c02393c126b5a3cdd77b3602c8ec5ab358f9e34f2ac46985e7e59dbc54c4a"
"epdiy-upstream/examples/screen_diag/main/screen_diag.c","Upstream repository is referenced by URL and commit instead of duplicated","ae6583682c8a3a8415d5306aeddbf19a5fd4250e0abb8ca1cf96602a193ef648"
"epdiy-upstream/examples/screen_diag/partitions_example.csv","Upstream repository is referenced by URL and commit instead of duplicated","6683353c7e6ca6a070eb49083d3008fd5b96fee93a7c8074ed9f16ed0f7152d3"
"epdiy-upstream/examples/screen_diag/README.md","Upstream repository is referenced by URL and commit instead of duplicated","a2da48ee3ad1bf4b8f497e71d9fff9e4e28a99a3d291a4981b7bbcf2f4760ed6"
"epdiy-upstream/examples/screen_diag/sdkconfig.defaults","Upstream repository is referenced by URL and commit instead of duplicated","e3b0c44298fc1c149afbf4c8996fb92427ae41e4649b934ca495991b7852b855"
"epdiy-upstream/examples/screen_diag/sdkconfig.defaults.esp32","Upstream repository is referenced by URL and commit instead of duplicated","c3530fab6056bd189d7eb6906f965e35241ad34ffa40efb2bca680341d0fe309"
"epdiy-upstream/examples/screen_diag/sdkconfig.defaults.esp32s3","Upstream repository is referenced by URL and commit instead of duplicated","4384710a2ef9c6778032cfe55c2eefd77468917ef1707208b84737acb5495c30"
"epdiy-upstream/examples/test/CMakeLists.txt","Upstream repository is referenced by URL and commit instead of duplicated","22437a08cafb4db55a061ca3512ea4622eea0050f13bfa1b5a5dfa1fe516a1bd"
"epdiy-upstream/examples/test/main/CMakeLists.txt","Upstream repository is referenced by URL and commit instead of duplicated","d66a51b4def4884864039f1aead440497cbc52487949a92e0295a2c76273732c"
"epdiy-upstream/examples/test/main/main.c","Upstream repository is referenced by URL and commit instead of duplicated","675975eafbd807c275a697fadbf66ab964ec44d29eb4b8cafb622109d9a6b97e"
"epdiy-upstream/examples/vcom-kickback/CMakeLists.txt","Upstream repository is referenced by URL and commit instead of duplicated","0c471630e7c546b488f53bed3912c2cf7124abb60cf58d0ea50151eaf1e58d29"
"epdiy-upstream/examples/vcom-kickback/main/CMakeLists.txt","Upstream repository is referenced by URL and commit instead of duplicated","420a97881b10d3555375965595ee3cf7c082bd5fe0b4e601f0283f9254802557"
"epdiy-upstream/examples/vcom-kickback/main/dragon.h","Upstream repository is referenced by URL and commit instead of duplicated","c5901d312a56cfbacd21ef48b6c729de93c962d6a509ee4c21d68be3d117731c"
"epdiy-upstream/examples/vcom-kickback/main/main.c","Upstream repository is referenced by URL and commit instead of duplicated","40934b1ccc5e1ef91852195c57009566db14142fe9e0c3a7f3bcb9db07f7ca08"
"epdiy-upstream/examples/vcom-kickback/main/main.ino","Upstream repository is referenced by URL and commit instead of duplicated","05ea4ad8026caee7cf398330680196c371797bdc9bd4c927c7a7fcd595c51f21"
"epdiy-upstream/examples/vcom-kickback/README.md","Upstream repository is referenced by URL and commit instead of duplicated","a5c5a445437e796e95329a9b8e5d8a6e79f44bd06331810ad41988fd8c5f2ffa"
"epdiy-upstream/examples/vcom-kickback/sdkconfig.defaults","Upstream repository is referenced by URL and commit instead of duplicated","e3b0c44298fc1c149afbf4c8996fb92427ae41e4649b934ca495991b7852b855"
"epdiy-upstream/examples/vcom-kickback/sdkconfig.defaults.esp32s3","Upstream repository is referenced by URL and commit instead of duplicated","4384710a2ef9c6778032cfe55c2eefd77468917ef1707208b84737acb5495c30"
"epdiy-upstream/examples/weather/CMakeLists.txt","Upstream repository is referenced by URL and commit instead of duplicated","0fb3abe4aa753f39ca88e0db777d0db94bb30ccbc7e97a01b2d7eaf535b03725"
"epdiy-upstream/examples/weather/Licence.txt","Upstream repository is referenced by URL and commit instead of duplicated","f54161f68f22610bef276db46f9afe9ef8c03e21e41f4c4cf18177b59df924bb"
"epdiy-upstream/examples/weather/main/ArduinoJson.h","Upstream repository is referenced by URL and commit instead of duplicated","fcd8fc427130f52272e59d9a3b966693b731afcbb1886bd25a3657e26e400838"
"epdiy-upstream/examples/weather/main/CMakeLists.txt","Upstream repository is referenced by URL and commit instead of duplicated","a0b23fe49e80fe3f42fb2c7c17dcf4980b5760440c0ade676d17aef8908acbfe"
"epdiy-upstream/examples/weather/main/forecast_record.h","Upstream repository is referenced by URL and commit instead of duplicated","14d15a0997fd348a0842afe5e52399d93359281b3d91adca9b278d0f3839737d"
"epdiy-upstream/examples/weather/main/lang.h","Upstream repository is referenced by URL and commit instead of duplicated","e30d3e52a379caa03530f530d56c114745f9816939b883ba0319959dbb1bd379"
"epdiy-upstream/examples/weather/main/main.ino","Upstream repository is referenced by URL and commit instead of duplicated","66a6b062cdc210577431ac0b4d4774418975c11942ada21046b8eea631297e4c"
"epdiy-upstream/examples/weather/main/opensans10.h","Upstream repository is referenced by URL and commit instead of duplicated","e3b0c44298fc1c149afbf4c8996fb92427ae41e4649b934ca495991b7852b855"
"epdiy-upstream/examples/weather/main/opensans12.h","Upstream repository is referenced by URL and commit instead of duplicated","c1ce147384f01e7cad67778a531c5faf5863e91a608392be607ccd12d216280d"
"epdiy-upstream/examples/weather/main/opensans12b.h","Upstream repository is referenced by URL and commit instead of duplicated","7af0588b903f7b996874adb7f127b243ef26a5bf1524b0bccd6a3ca50e05c9d2"
"epdiy-upstream/examples/weather/main/opensans16.h","Upstream repository is referenced by URL and commit instead of duplicated","17a9646dc74758a7dc21d2d543ef6a2a16f7631f4e3e553a205a2b4c8927b465"
"epdiy-upstream/examples/weather/main/opensans16b.h","Upstream repository is referenced by URL and commit instead of duplicated","5ff58cc2b10d94798b1e93fa27bfeb47c756c8fb0c67f792318105e629a9e98d"
"epdiy-upstream/examples/weather/main/opensans24.h","Upstream repository is referenced by URL and commit instead of duplicated","ec601a02904b209526e5808d6e308fcc20087c604cd363911ba8c00a054878b7"
"epdiy-upstream/examples/weather/main/opensans24b.h","Upstream repository is referenced by URL and commit instead of duplicated","55d64bd1e85df94c97b276a60bb16c2fd527a0e2fcac95d2c11040d72406f189"
"epdiy-upstream/examples/weather/main/opensans6.h","Upstream repository is referenced by URL and commit instead of duplicated","ca25a55b27434234bee9af996dc57f0b4d73ce4634678aa5245b23a968e309b0"
"epdiy-upstream/examples/weather/main/opensans8.h","Upstream repository is referenced by URL and commit instead of duplicated","0dc743ebf043e7c00434cc6d7bbd71b2bc873bf494f94d3b4bb6e7b66bf789de"
"epdiy-upstream/examples/weather/main/opensans8b.h","Upstream repository is referenced by URL and commit instead of duplicated","f5d5214f16758a1adfbe8d1532fbcc82c0de9468a3eabd247a925de3f8ddc86d"
"epdiy-upstream/examples/weather/main/owm_credentials.h","Upstream repository is referenced by URL and commit instead of duplicated","0064c42839060512cd474c90f30560ce3e3f155846014507a0a7d80b17821a58"
"epdiy-upstream/examples/weather/main/weather.cpp","Upstream repository is referenced by URL and commit instead of duplicated","778357640b7cdc481c3269c0f5c626de6d42479c899ff7b18e8add2ad4daf151"
"epdiy-upstream/examples/weather/partitions.csv","Upstream repository is referenced by URL and commit instead of duplicated","bebcad5b13ff27a64e0ec4fc3ab72c6c37bb45a047a717b5ba8704aac5331bad"
"epdiy-upstream/examples/weather/README.md","Upstream repository is referenced by URL and commit instead of duplicated","18618e1ad9dd3cb69b3b458ed2f0d5d36e246751b0f2dd1b939254e71673fb2e"
"epdiy-upstream/examples/weather/sdkconfig.defaults","Upstream repository is referenced by URL and commit instead of duplicated","dae3afd9f120f1d7fc8036a66b90d404a97d43fd4925075f3dd77ad75ac580fb"
"epdiy-upstream/examples/weather/sdkconfig.defaults.esp32","Upstream repository is referenced by URL and commit instead of duplicated","54311547611c7e71bfdd4ac50a66b876d7e29294ceed2180bb8ea4514e237673"
"epdiy-upstream/examples/weather/sdkconfig.defaults.esp32s3","Upstream repository is referenced by URL and commit instead of duplicated","abb7336604b53f52a89c790acf6ad5ad3c416c7e1091db5035cfddf8844cb6ce"
"epdiy-upstream/examples/weather/weather.jpg","Upstream repository is referenced by URL and commit instead of duplicated","0a8c63076c11c11c06412a481daeb4e1ccba2d4d3e0e1b285628afe4452454c5"
"epdiy-upstream/examples/www-image/CMakeLists.txt","Upstream repository is referenced by URL and commit instead of duplicated","63ab1df3d814fe9120ced7f16f55c013ee15aa86936d155c713518ff173d8a0b"
"epdiy-upstream/examples/www-image/component.mk","Upstream repository is referenced by URL and commit instead of duplicated","9db770e4d7c2e263209fb043508fafb221827b98427ec8a1a692f65d115752c9"
"epdiy-upstream/examples/www-image/main/CMakeLists.txt","Upstream repository is referenced by URL and commit instead of duplicated","0c787472ae9afcb62190070feab1b3d6697d7c1837160840c619f38d78ed7ef5"
"epdiy-upstream/examples/www-image/main/idf_component.yml","Upstream repository is referenced by URL and commit instead of duplicated","fc1821c379002a22d30c7555affd1f8bd9ac69a637bf5dbc7f6059e2526013dc"
"epdiy-upstream/examples/www-image/main/jpgdec-render.cpp","Upstream repository is referenced by URL and commit instead of duplicated","7761b68d4888716a2f027effc1f3610a32e56230fe23004f3038f23e63e6a84d"
"epdiy-upstream/examples/www-image/main/jpg-render.c","Upstream repository is referenced by URL and commit instead of duplicated","7cc2e2ff4e29f0c468e55c1559d4a5b8756b6d18da539dc87ec78b00bf697ca5"
"epdiy-upstream/examples/www-image/main/settings.h","Upstream repository is referenced by URL and commit instead of duplicated","35110b08f1c69f55e21b3c31dcf5927c5226b9274b455c63b1392e76094a00fe"
"epdiy-upstream/examples/www-image/README.md","Upstream repository is referenced by URL and commit instead of duplicated","6ca290629891e5a9cef974226fd5699627c83197395e29c3fffa6d91e2e4a955"
"epdiy-upstream/examples/www-image/sdkconfig.defaults","Upstream repository is referenced by URL and commit instead of duplicated","e3b0c44298fc1c149afbf4c8996fb92427ae41e4649b934ca495991b7852b855"
"epdiy-upstream/examples/www-image/sdkconfig.defaults.esp32","Upstream repository is referenced by URL and commit instead of duplicated","c3530fab6056bd189d7eb6906f965e35241ad34ffa40efb2bca680341d0fe309"
"epdiy-upstream/examples/www-image/sdkconfig.defaults.esp32s3","Upstream repository is referenced by URL and commit instead of duplicated","4384710a2ef9c6778032cfe55c2eefd77468917ef1707208b84737acb5495c30"
"epdiy-upstream/examples/www-image/ssl_cert/server_cert.pem","Upstream repository is referenced by URL and commit instead of duplicated","f53581b166997153aa3f3cbcd25fc3467fe68e1452e4794340f7ab21b215e02d"
"epdiy-upstream/idf_component.yml","Upstream repository is referenced by URL and commit instead of duplicated","621ca8479815b971fd6bedfe54357cb02c89f38b0ad6b6e0963e8fed4af0f73c"
"epdiy-upstream/library.json","Upstream repository is referenced by URL and commit instead of duplicated","e5eb7434533c44f6322af6e7a00fe7824f5cdc55100be901751e34c3f1333713"
"epdiy-upstream/library.properties","Upstream repository is referenced by URL and commit instead of duplicated","566ea354bcd91e8c764f4c45b4f9b769b3ea132d4ff1ab97c64a1527d7d69c2a"
"epdiy-upstream/LICENSE","Upstream repository is referenced by URL and commit instead of duplicated","7d3a95e5e06978064ed3f8e2b7c8f845e7fd8a405294727cc708f94cb83b8059"
"epdiy-upstream/Makefile","Upstream repository is referenced by URL and commit instead of duplicated","6dcf2d0c9bb5766fea1bd3b1898bb900df2af782a279a4e2c10de23051807394"
"epdiy-upstream/README.md","Upstream repository is referenced by URL and commit instead of duplicated","7fa672c500cad479ba6d4542dd780e9b5927b737aa7995c2f06e6a8ce51c4939"
"epdiy-upstream/scripts/epdiy_waveform_gen.py","Upstream repository is referenced by URL and commit instead of duplicated","975d15137e640cf32543fdc8f37de3427722bcfb316892975f5dd6c67d23d571"
"epdiy-upstream/scripts/fontconvert.py","Upstream repository is referenced by URL and commit instead of duplicated","38675201ad7b8c02286339d4523f18b38f02fe5382a027cf030322e0c7b885a6"
"epdiy-upstream/scripts/imgconvert.py","Upstream repository is referenced by URL and commit instead of duplicated","edcb8412426b94d97c3e8cdb87833f0e2eecfdd0c26026406a04cb9a999ed198"
"epdiy-upstream/scripts/LICENSE","Upstream repository is referenced by URL and commit instead of duplicated","be221aa89fe6e6835c608e896e82d716a750e18f92f2000ced4855e244f13779"
"epdiy-upstream/scripts/modenames.py","Upstream repository is referenced by URL and commit instead of duplicated","351d11b31ea7ce40170c540145dad1fb4f85d34afb1b48c853b670348e46d3f2"
"epdiy-upstream/scripts/README.md","Upstream repository is referenced by URL and commit instead of duplicated","ead63a10fff55f40e5a6c41fd2b1c2c6cd63a7aff0f38a316af0077b25880454"
"epdiy-upstream/scripts/waveform_hdrgen.py","Upstream repository is referenced by URL and commit instead of duplicated","050826f1549983bbba39d68edcdffefbbf42cfdf495f646d853e31bf0d952b18"
"epdiy-upstream/src/board/epd_board.c","Upstream repository is referenced by URL and commit instead of duplicated","ffde5f64327cd6bf0dc42d742bbc6e961373047fe87a19e6e3381767ced6c384"
"epdiy-upstream/src/board/epd_board_common.c","Upstream repository is referenced by URL and commit instead of duplicated","2cecc498fb987dec608cf3a610d2d604216c74a0f3d06bbf8e1aff2885132558"
"epdiy-upstream/src/board/epd_board_common.h","Upstream repository is referenced by URL and commit instead of duplicated","33da026607e482cc8934d39a68ceffb0e11b637372ed9d9166382a141b8a6b84"
"epdiy-upstream/src/board/epd_board_i2c.c","Upstream repository is referenced by URL and commit instead of duplicated","2f44427505a5d2eed4eef18ae3e2739fd11061e0340c2af541edda0b40cc75b5"
"epdiy-upstream/src/board/epd_board_i2c.h","Upstream repository is referenced by URL and commit instead of duplicated","13725f8a60f33c2c000fd5b667b62e960188e7f15964b20c4651d21488e85bf4"
"epdiy-upstream/src/board/epd_board_lilygo_t5_47.c","Upstream repository is referenced by URL and commit instead of duplicated","7c8dcf2e55424ca0b868603a9b01e1b21e30f73ade49059281c805fbd82b03d4"
"epdiy-upstream/src/board/epd_board_v2_v3.c","Upstream repository is referenced by URL and commit instead of duplicated","7aac85be31f8da1404754314b0c5cd1d1d4b2ced6478ab490246b164d2aa9f82"
"epdiy-upstream/src/board/epd_board_v4.c","Upstream repository is referenced by URL and commit instead of duplicated","0b19e299f8c6c19dffb0dab910d0ab2cf0174c627fbe7a63f0bee8bc3f747fc5"
"epdiy-upstream/src/board/epd_board_v5.c","Upstream repository is referenced by URL and commit instead of duplicated","d7e7e446dd2f51c754c05412a3958b4ac88b8962ad9fe8fe5f146f0ba49c50eb"
"epdiy-upstream/src/board/epd_board_v6.c","Upstream repository is referenced by URL and commit instead of duplicated","ff0bbb06c0c13f64dea0b19c23d92a5be8c9e37b7beb0f5788b4310e8a95f4ad"
"epdiy-upstream/src/board/epd_board_v7.c","Upstream repository is referenced by URL and commit instead of duplicated","0e26c6ca1d0e72d272c9606ed5296302d7297a233d04477a057ac8a7e24e388a"
"epdiy-upstream/src/board/epd_board_v7_103.c","Upstream repository is referenced by URL and commit instead of duplicated","e46bd3e1f797f87d878d00fafaea4e6ac6529e8237c1b43772545b16cf4c94fe"
"epdiy-upstream/src/board/epd_board_v7_raw.c","Upstream repository is referenced by URL and commit instead of duplicated","fefa7d0641dc75c7617605cafade4129c0de9bed7fcaad029f6e2a3efb4cd032"
"epdiy-upstream/src/board/lilygo_board_s3.c","Upstream repository is referenced by URL and commit instead of duplicated","d27bc3f2aac63a3f0064d67cf0ad7723cffe8bb1457137ac1849f3f1d9e96808"
"epdiy-upstream/src/board/pca9555.c","Upstream repository is referenced by URL and commit instead of duplicated","daf32f713d176afb0e7266d31d9d6ffbecb39cfe4e1c2249b94b66b2c49984f0"
"epdiy-upstream/src/board/pca9555.h","Upstream repository is referenced by URL and commit instead of duplicated","9b47517c0c8cff5b91d33b949c690c6f423d9b19aacfe3cc224298ab6cd97648"
"epdiy-upstream/src/board/tps65185.c","Upstream repository is referenced by URL and commit instead of duplicated","15689b7db1c13d03a50f89195239f88b0cd3d881640ab698a94e4223bd6a5f59"
"epdiy-upstream/src/board/tps65185.h","Upstream repository is referenced by URL and commit instead of duplicated","4e6481b5e12d6a9aaa123312589bfc9955445b555c64fa65b28c4170da4d321d"
"epdiy-upstream/src/board_specific.c","Upstream repository is referenced by URL and commit instead of duplicated","0654e8ece860380cd988f1ccdec26f4d539b1773d986595bf9019724a042a2b5"
"epdiy-upstream/src/builtin_waveforms.c","Upstream repository is referenced by URL and commit instead of duplicated","a3e754ae00e0532e630fec62d8885d84e9dbfa9f3ba38f1e9563c1ca704754e0"
"epdiy-upstream/src/diff.S","Upstream repository is referenced by URL and commit instead of duplicated","a68471e366d4bff90468121cd5c44e2f43c68c86041147badbecca94c26c8d72"
"epdiy-upstream/src/displays.c","Upstream repository is referenced by URL and commit instead of duplicated","e923adbb7669d3d8cd26643630ee45ee05c707eb89235fbc4bc538a4d667e7bb"
"epdiy-upstream/src/epd_board.h","Upstream repository is referenced by URL and commit instead of duplicated","57aa9f95f1ea3fc2d3fdcf1d342be82ad27292c80313d10a38a23e1826f9f926"
"epdiy-upstream/src/epd_board_specific.h","Upstream repository is referenced by URL and commit instead of duplicated","4d7a6bb80dea715511bfb2dc5c4f271ee81b61ffcbc4eefba4c9b706ed7fd8e7"
"epdiy-upstream/src/epd_display.h","Upstream repository is referenced by URL and commit instead of duplicated","66a0c251a3865845867e044375d577513edd1be085474c8c87b4000689d77ef0"
"epdiy-upstream/src/epd_highlevel.h","Upstream repository is referenced by URL and commit instead of duplicated","893ca956164feee3537498f904a18e88eff9d892f1214ebf9e600cf1799b263a"
"epdiy-upstream/src/epd_init_config.h","Upstream repository is referenced by URL and commit instead of duplicated","8bc25929056bbaa6bfe051e85b608d3fb4c1b8ebf575b83ce484ff0503a41884"
"epdiy-upstream/src/epd_internals.h","Upstream repository is referenced by URL and commit instead of duplicated","e44166bd9da995f852626d6f35e0a5c19acf18991b90f8a21cd9da0cf8feee8c"
"epdiy-upstream/src/epdiy.c","Upstream repository is referenced by URL and commit instead of duplicated","86d86ebef38141e598a3e93a7953e2deae537912d6744fb0921e8269a487ca5d"
"epdiy-upstream/src/epdiy.h","Upstream repository is referenced by URL and commit instead of duplicated","8abfacc9f7b86ca009f3e5849d12846cfe439c3a7aac6b592bb5649bbb21d3d3"
"epdiy-upstream/src/font.c","Upstream repository is referenced by URL and commit instead of duplicated","456dfb6d207ca371096ff77f6cb3ad3410d825e8aeac0536768c89dc0a3132cd"
"epdiy-upstream/src/hacks.cmake","Upstream repository is referenced by URL and commit instead of duplicated","508953f735bd78f21a49d36e2255293044354be9219dd8df2d21ecb1239d5d06"
"epdiy-upstream/src/highlevel.c","Upstream repository is referenced by URL and commit instead of duplicated","c4610f931662a3b5be9d9f0920c2e78bb0e36d693b9aa1811faa9420e76c90d6"
"epdiy-upstream/src/Makefile","Upstream repository is referenced by URL and commit instead of duplicated","6f7aba79d7033495e51d0a21aecd93853e9d8868f1b916b4b08c2a0bfd3e44f6"
"epdiy-upstream/src/output_common/line_queue.c","Upstream repository is referenced by URL and commit instead of duplicated","bf211d3432d6e34e21efbdda5b5024461ece8827cb1f9573c80285d9efce61dc"
"epdiy-upstream/src/output_common/line_queue.h","Upstream repository is referenced by URL and commit instead of duplicated","4e0d4be4a7a3a4626cabe4dc5ee31bec042cefee6076bc3880cd238ea12afead"
"epdiy-upstream/src/output_common/lut.c","Upstream repository is referenced by URL and commit instead of duplicated","9902739c8e0bbf53d3734cd54d62107abb63b9cf923acb0198a746d169c0c02d"
"epdiy-upstream/src/output_common/lut.h","Upstream repository is referenced by URL and commit instead of duplicated","cd8f1ba2648e4dca59760650fff01857280b21bc09218c14a5e3a44fc8bf2d24"
"epdiy-upstream/src/output_common/lut.S","Upstream repository is referenced by URL and commit instead of duplicated","4a1fa758c622e60fd46fac0f9cff9e62932f12c9af8e372af35bf4d83ee02ded"
"epdiy-upstream/src/output_common/render_context.c","Upstream repository is referenced by URL and commit instead of duplicated","1ef21b8a080d153bae9cae26dc0af29f88d2bfc4f5396fa5380e61c4b05f2be4"
"epdiy-upstream/src/output_common/render_context.h","Upstream repository is referenced by URL and commit instead of duplicated","f56cc5025a6259096f69fc9e5b36f227d966c47aca32e909366f6085449678d7"
"epdiy-upstream/src/output_common/render_method.c","Upstream repository is referenced by URL and commit instead of duplicated","9722ee727f69c1c4a86cd29d623dbedb3fc674f8b23fac9500f41d6361fbd292"
"epdiy-upstream/src/output_common/render_method.h","Upstream repository is referenced by URL and commit instead of duplicated","651b2a4374efcf4c747906868f08a1e65d23e5ca0fa383c128233b7ab888af9f"
"epdiy-upstream/src/output_common/rmt_compat.c","Upstream repository is referenced by URL and commit instead of duplicated","b9c0b4b5464bef09da6cbc3dacb951b60d7b525096bc621009bdd43e082ada4c"
"epdiy-upstream/src/output_common/rmt_compat.h","Upstream repository is referenced by URL and commit instead of duplicated","a3fb33874379b3e7642cdc236a73d4c45dbae09077c45e0b76391188a9451b3b"
"epdiy-upstream/src/output_i2s/i2s_data_bus.c","Upstream repository is referenced by URL and commit instead of duplicated","371b111ad29efc1c430168df3eaefd9f070f0054c65e30252b6dc60801c617f5"
"epdiy-upstream/src/output_i2s/i2s_data_bus.h","Upstream repository is referenced by URL and commit instead of duplicated","95cc911c4b29097e17a97a0360bfe6bcc0b150ba1868b14e10525e2f65f4d782"
"epdiy-upstream/src/output_i2s/render_i2s.c","Upstream repository is referenced by URL and commit instead of duplicated","1121c76f261293461ca02028d5ffcc9e066af398d2256d22eb2984d0f5b4d77c"
"epdiy-upstream/src/output_i2s/render_i2s.h","Upstream repository is referenced by URL and commit instead of duplicated","31e6f8796ba4e465d56e0bc99085e9be95b4d3742cad0a045da70d41e56ff8eb"
"epdiy-upstream/src/output_i2s/rmt_pulse.c","Upstream repository is referenced by URL and commit instead of duplicated","b3b168eaea19e2c853cee3d76455535f93ddcaeb64f4ea7b15023b216f8feda2"
"epdiy-upstream/src/output_i2s/rmt_pulse.h","Upstream repository is referenced by URL and commit instead of duplicated","d5601c4ea654d6f37057944c1c076ef3d5e7c558114fc1fbd1005cb0b06328ad"
"epdiy-upstream/src/output_lcd/idf-4-backports.h","Upstream repository is referenced by URL and commit instead of duplicated","ae9a385cff2dd9b87105cef1e3399e22a3aff69dc950d8e0958c22a5cf103749"
"epdiy-upstream/src/output_lcd/lcd_driver.c","Upstream repository is referenced by URL and commit instead of duplicated","f3412a84761e49572e7e7e1533e40e324f0c2f8f6ecd168e9c2d9e6f08fb5c6a"
"epdiy-upstream/src/output_lcd/lcd_driver.h","Upstream repository is referenced by URL and commit instead of duplicated","41c80ae4924b33caf8987f97f2c2094912368a384ab5866b9b6979a44d7dd7cf"
"epdiy-upstream/src/output_lcd/render_lcd.c","Upstream repository is referenced by URL and commit instead of duplicated","4c186da6ea0e3996aa38d9636dada091e8f4e94665e82efe32c2fcb04f9f169a"
"epdiy-upstream/src/output_lcd/render_lcd.h","Upstream repository is referenced by URL and commit instead of duplicated","db4efbc7722b7578a82c120f95041640d4f2fa55c50849bf393cdce4c595da27"
"epdiy-upstream/src/render.c","Upstream repository is referenced by URL and commit instead of duplicated","7922ea9304bc9c8700725e85d5f31e3ae9cfbab3a7c8a551705f520775b05e40"
"epdiy-upstream/src/render.h","Upstream repository is referenced by URL and commit instead of duplicated","6a2f90cde51a5adb246bb054466754be6ec7d02619385dfffbc192933b04b059"
"epdiy-upstream/src/waveforms/epdiy_ED047TC1.h","Upstream repository is referenced by URL and commit instead of duplicated","b4c53d833b48cd19d23ade863bf32a83e2d100ca53ccdacae0e81b7105b0e808"
"epdiy-upstream/src/waveforms/epdiy_ED047TC2.h","Upstream repository is referenced by URL and commit instead of duplicated","8706decf684473dbed028fc30b64a9275d2173de5c5cc9164d97d3251b3d479b"
"epdiy-upstream/src/waveforms/epdiy_ED060SC4.h","Upstream repository is referenced by URL and commit instead of duplicated","26b498654816f1a2bc6fcf09dfdfe4d4f666c6697ee5325a892088949c5b3c65"
"epdiy-upstream/src/waveforms/epdiy_ED060SCT.h","Upstream repository is referenced by URL and commit instead of duplicated","b8540c470e9e5fca5b0c772cd764eae42127e981e9287327094a4a7c82599380"
"epdiy-upstream/src/waveforms/epdiy_ED060XC3.h","Upstream repository is referenced by URL and commit instead of duplicated","37bc38f2c4df5a72ba0449eb11cb3a46ecddc306e357664ff4b7bd38f0a32903"
"epdiy-upstream/src/waveforms/epdiy_ED097OC4.h","Upstream repository is referenced by URL and commit instead of duplicated","00aeb9d55613f76418cc671a7a69ebec0216531dea1a98f67c968cd7354c4768"
"epdiy-upstream/src/waveforms/epdiy_ED097TC2.h","Upstream repository is referenced by URL and commit instead of duplicated","57fa19a8fbadfb4882288e3ea306e553649880ce44f0e0734700a657bfd2b91e"
"epdiy-upstream/src/waveforms/epdiy_ED133UT2.h","Upstream repository is referenced by URL and commit instead of duplicated","23fd9bfb80351b985459c3acecb7802df82764adbed5a5f421f6f86c6d8cd74a"
"epdiy-upstream/src/waveforms/epdiy_NULL.h","Upstream repository is referenced by URL and commit instead of duplicated","00868d1fc642f90aa95f9096d294368e90d394f0aacd93c5aec01ce967ecbaa4"
"epdiy-upstream/test/CMakeLists.txt","Upstream repository is referenced by URL and commit instead of duplicated","26cb26e747c0e2a4e98c703cc872bea83760e511afad9cc2d42cb2f88c99e377"
"epdiy-upstream/test/test_diff.c","Upstream repository is referenced by URL and commit instead of duplicated","f064dc2b0d8de2f746b98631b2607950fdd137bce8a05f305ad7b6c083bd3e8e"
"epdiy-upstream/test/test_initialization.c","Upstream repository is referenced by URL and commit instead of duplicated","3ddc0928037f24eb635f633c00171c77a2b450cfc8948d4a733f772573638b84"
"epdiy-upstream/test/test_line_mask.c","Upstream repository is referenced by URL and commit instead of duplicated","9b88f1aaf3d6ad639c917a3182d528a0efd87fe3b59e0cb1e2aae955a3e2b280"
"epdiy-upstream/test/test_lut.c","Upstream repository is referenced by URL and commit instead of duplicated","edd46add6714756cfe1bb06931474044160936b225528cb23c0dc273b224a98d"
"FT5446U-DataSheet.pdf","Wrong touch controller and confidential marking","9a99b440bb07b76c2eafcafbd62e88da0a3eae76500ca26069fdf8d9380c5047"
