"SourcePath","TargetPath","Decision","Reason","SourceSha256","TargetSha256"
"4.7-inch(684x1216)_ebook/CMakeLists.txt","materials/reference-firmware/ebook/CMakeLists.txt","Import","Vendor-authorized reference firmware","9ca8ae45f52fe891c1e9ed82b4a4d0439c7c94216b30e8a866513e904dbd928e","9ca8ae45f52fe891c1e9ed82b4a4d0439c7c94216b30e8a866513e904dbd928e"
"4.7-inch(684x1216)_ebook/components/epdiy/CMakeLists.txt","materials/reference-firmware/ebook/components/epdiy/CMakeLists.txt","Import","Vendor-authorized reference firmware","f19fe60660ee343b87b53545643421e62ddf4d55d4843c31e98f1de8be5e09e8","f19fe60660ee343b87b53545643421e62ddf4d55d4843c31e98f1de8be5e09e8"
"4.7-inch(684x1216)_ebook/components/epdiy/idf_component.yml","materials/reference-firmware/ebook/components/epdiy/idf_component.yml","Import","Vendor-authorized reference firmware","ba7eb83d4d3190cafb77666f93993d33a5a71112b6314c44fb7772b6f6a47981","ba7eb83d4d3190cafb77666f93993d33a5a71112b6314c44fb7772b6f6a47981"
"4.7-inch(684x1216)_ebook/components/epdiy/include/epd_img1.h","materials/reference-firmware/ebook/components/epdiy/include/epd_img1.h","Import","Vendor-authorized reference firmware","fe57759a283217d88771ce6d5570c072a4932d810c5ca66362d35e52ddb96a67","fe57759a283217d88771ce6d5570c072a4932d810c5ca66362d35e52ddb96a67"
"4.7-inch(684x1216)_ebook/components/epdiy/src/board/colorLED_sk6812.c","materials/reference-firmware/ebook/components/epdiy/src/board/colorLED_sk6812.c","Import","Vendor-authorized reference firmware","7f971aa1757a60c493a8db50d53a46ff13bef881dec03d48445a1a946ffb625f","7f971aa1757a60c493a8db50d53a46ff13bef881dec03d48445a1a946ffb625f"
"4.7-inch(684x1216)_ebook/components/epdiy/src/board/colorLED_sk6812.h","materials/reference-firmware/ebook/components/epdiy/src/board/colorLED_sk6812.h","Import","Vendor-authorized reference firmware","fc5494d17c7b4c9bed77e704bf28a939d52cf4a5bf0222ac6d9301aadde42c08","fc5494d17c7b4c9bed77e704bf28a939d52cf4a5bf0222ac6d9301aadde42c08"
"4.7-inch(684x1216)_ebook/components/epdiy/src/board/epd_board.c","materials/reference-firmware/ebook/components/epdiy/src/board/epd_board.c","Import","Vendor-authorized reference firmware","aeeaa193a5c282c51ef758039edd15d68455e040d113572cab9c72731f6346b7","aeeaa193a5c282c51ef758039edd15d68455e040d113572cab9c72731f6346b7"
"4.7-inch(684x1216)_ebook/components/epdiy/src/board/epd_board_common.c","materials/reference-firmware/ebook/components/epdiy/src/board/epd_board_common.c","Import","Vendor-authorized reference firmware","d73e2103627fe6160b30d5a9d85f5eb3e55bace862f752b08ef601e095965867","d73e2103627fe6160b30d5a9d85f5eb3e55bace862f752b08ef601e095965867"
"4.7-inch(684x1216)_ebook/components/epdiy/src/board/epd_board_common.h","materials/reference-firmware/ebook/components/epdiy/src/board/epd_board_common.h","Import","Vendor-authorized reference firmware","194f9543e238b938be8dfa639459616e7dc99dcd674f160b5fbedaa12317e205","194f9543e238b938be8dfa639459616e7dc99dcd674f160b5fbedaa12317e205"
"4.7-inch(684x1216)_ebook/components/epdiy/src/board/epd_board_v7.c","materials/reference-firmware/ebook/components/epdiy/src/board/epd_board_v7.c","Import","Vendor-authorized reference firmware","2551024a73ddb3776e15f63d0a5dbd7b722935cd66fc4c445f68ba79d06ec8e4","2551024a73ddb3776e15f63d0a5dbd7b722935cd66fc4c445f68ba79d06ec8e4"
"4.7-inch(684x1216)_ebook/components/epdiy/src/board/pca9555.c","materials/reference-firmware/ebook/components/epdiy/src/board/pca9555.c","Import","Vendor-authorized reference firmware","bada3ff4a28895e90637e69a279c789490ea41837dce88c9105fc008a1e7b440","bada3ff4a28895e90637e69a279c789490ea41837dce88c9105fc008a1e7b440"
"4.7-inch(684x1216)_ebook/components/epdiy/src/board/pca9555.h","materials/reference-firmware/ebook/components/epdiy/src/board/pca9555.h","Import","Vendor-authorized reference firmware","bf6afd9ba3c1b94ac3a400ea33eed7d7cd7c55ec405ce65c978eaeffd225e70d","bf6afd9ba3c1b94ac3a400ea33eed7d7cd7c55ec405ce65c978eaeffd225e70d"
"4.7-inch(684x1216)_ebook/components/epdiy/src/board/tps65185.c","materials/reference-firmware/ebook/components/epdiy/src/board/tps65185.c","Import","Vendor-authorized reference firmware","2f6695a995e476aa440f1b12031726daf1593b3c1c83e3532a7b521ce0df7e4d","2f6695a995e476aa440f1b12031726daf1593b3c1c83e3532a7b521ce0df7e4d"
"4.7-inch(684x1216)_ebook/components/epdiy/src/board/tps65185.h","materials/reference-firmware/ebook/components/epdiy/src/board/tps65185.h","Import","Vendor-authorized reference firmware","e12d061ff0d53ca28ca0023e312bb5318d3d79037b53368148ec6fadd5c023f2","e12d061ff0d53ca28ca0023e312bb5318d3d79037b53368148ec6fadd5c023f2"
"4.7-inch(684x1216)_ebook/components/epdiy/src/board_specific.c","materials/reference-firmware/ebook/components/epdiy/src/board_specific.c","Import","Vendor-authorized reference firmware","a024072c346c16782cec8fee2973807553535e75222e27fc65c292031ce892fb","a024072c346c16782cec8fee2973807553535e75222e27fc65c292031ce892fb"
"4.7-inch(684x1216)_ebook/components/epdiy/src/builtin_waveforms.c","materials/reference-firmware/ebook/components/epdiy/src/builtin_waveforms.c","Import","Vendor-authorized reference firmware","e786204b6cd8cf7d75f77ec1836c1ca1244c4d24e593b3a5496cbb9a4481024e","e786204b6cd8cf7d75f77ec1836c1ca1244c4d24e593b3a5496cbb9a4481024e"
"4.7-inch(684x1216)_ebook/components/epdiy/src/diff.S","materials/reference-firmware/ebook/components/epdiy/src/diff.S","Import","Vendor-authorized reference firmware","b2de631e867e80efc23947910f39af37b4baa55149e41c80691596a155423ecb","b2de631e867e80efc23947910f39af37b4baa55149e41c80691596a155423ecb"
"4.7-inch(684x1216)_ebook/components/epdiy/src/displays.c","materials/reference-firmware/ebook/components/epdiy/src/displays.c","Import","Vendor-authorized reference firmware","db5d2ed47243f6211f56e9f62e7ba666b7c6671f68ee0ededaba95ae8df3340a","db5d2ed47243f6211f56e9f62e7ba666b7c6671f68ee0ededaba95ae8df3340a"
"4.7-inch(684x1216)_ebook/components/epdiy/src/epd_board.h","materials/reference-firmware/ebook/components/epdiy/src/epd_board.h","Import","Vendor-authorized reference firmware","63029a81bacc80d3c7b2db6e3fff2cbb24d1bd32601be0d1c1f3c7ff57f05b03","63029a81bacc80d3c7b2db6e3fff2cbb24d1bd32601be0d1c1f3c7ff57f05b03"
"4.7-inch(684x1216)_ebook/components/epdiy/src/epd_board_specific.h","materials/reference-firmware/ebook/components/epdiy/src/epd_board_specific.h","Import","Vendor-authorized reference firmware","d13263a116330ee1362184f25fd0dec6acf4270410a541712d55420363429dd0","d13263a116330ee1362184f25fd0dec6acf4270410a541712d55420363429dd0"
"4.7-inch(684x1216)_ebook/components/epdiy/src/epd_display.h","materials/reference-firmware/ebook/components/epdiy/src/epd_display.h","Import","Vendor-authorized reference firmware","92787b2e19a7f1689f6243b7c297c4d121930c45eed4e02ec08d2f7ab61eb65b","92787b2e19a7f1689f6243b7c297c4d121930c45eed4e02ec08d2f7ab61eb65b"
"4.7-inch(684x1216)_ebook/components/epdiy/src/epd_highlevel.h","materials/reference-firmware/ebook/components/epdiy/src/epd_highlevel.h","Import","Vendor-authorized reference firmware","1e70c7d7f7119454a3f8d6ab004ae33a4f37c079805473216ede4d92fb6d2567","1e70c7d7f7119454a3f8d6ab004ae33a4f37c079805473216ede4d92fb6d2567"
"4.7-inch(684x1216)_ebook/components/epdiy/src/epd_internals.h","materials/reference-firmware/ebook/components/epdiy/src/epd_internals.h","Import","Vendor-authorized reference firmware","6cd965fe5e6a79d3afce8d98993adb6baff584b447e01f1c811ef3209550242f","6cd965fe5e6a79d3afce8d98993adb6baff584b447e01f1c811ef3209550242f"
"4.7-inch(684x1216)_ebook/components/epdiy/src/epdiy.c","materials/reference-firmware/ebook/components/epdiy/src/epdiy.c","Import","Vendor-authorized reference firmware","57f32184b042a957ae32be02af1da25fefe715abd2bfad0ef460b4d29ea5f465","57f32184b042a957ae32be02af1da25fefe715abd2bfad0ef460b4d29ea5f465"
"4.7-inch(684x1216)_ebook/components/epdiy/src/epdiy.h","materials/reference-firmware/ebook/components/epdiy/src/epdiy.h","Import","Vendor-authorized reference firmware","03571dfc865b18891c0f459bdf233171bcf7dacdb47b66512ea43b9e3a1184c0","03571dfc865b18891c0f459bdf233171bcf7dacdb47b66512ea43b9e3a1184c0"
"4.7-inch(684x1216)_ebook/components/epdiy/src/font.c","materials/reference-firmware/ebook/components/epdiy/src/font.c","Import","Vendor-authorized reference firmware","f4c5ef1f6db6187999ba1c78233a904cabcb7edf7bebadaedbfcf73bc96a02dd","f4c5ef1f6db6187999ba1c78233a904cabcb7edf7bebadaedbfcf73bc96a02dd"
"4.7-inch(684x1216)_ebook/components/epdiy/src/hacks.cmake","materials/reference-firmware/ebook/components/epdiy/src/hacks.cmake","Import","Vendor-authorized reference firmware","e6d93de680991b54508f9c4b87ac2fc05e61eb015ddb42b80c61a84574883b71","e6d93de680991b54508f9c4b87ac2fc05e61eb015ddb42b80c61a84574883b71"
"4.7-inch(684x1216)_ebook/components/epdiy/src/highlevel.c","materials/reference-firmware/ebook/components/epdiy/src/highlevel.c","Import","Vendor-authorized reference firmware","d4b9bdd37ba3f58d1cc4d7b37e4dc1ff4eb8a3c44689a148caab6fa0c161e6d6","d4b9bdd37ba3f58d1cc4d7b37e4dc1ff4eb8a3c44689a148caab6fa0c161e6d6"
"4.7-inch(684x1216)_ebook/components/epdiy/src/Makefile","materials/reference-firmware/ebook/components/epdiy/src/Makefile","Import","Vendor-authorized reference firmware","fe507810479bcc849eb8d84424d7c1e35320317b529e976f3b91fee918158f44","fe507810479bcc849eb8d84424d7c1e35320317b529e976f3b91fee918158f44"
"4.7-inch(684x1216)_ebook/components/epdiy/src/output_common/line_queue.c","materials/reference-firmware/ebook/components/epdiy/src/output_common/line_queue.c","Import","Vendor-authorized reference firmware","3fdb60681eaf6775a8ad72ac36165647fe4295a462fd80cb77a6dae0f2a29ea4","3fdb60681eaf6775a8ad72ac36165647fe4295a462fd80cb77a6dae0f2a29ea4"
"4.7-inch(684x1216)_ebook/components/epdiy/src/output_common/line_queue.h","materials/reference-firmware/ebook/components/epdiy/src/output_common/line_queue.h","Import","Vendor-authorized reference firmware","70cd54837772807c88ed5c4e83c788adde5b6bd73dc1a0f3b568427603b581a5","70cd54837772807c88ed5c4e83c788adde5b6bd73dc1a0f3b568427603b581a5"
"4.7-inch(684x1216)_ebook/components/epdiy/src/output_common/lut.c","materials/reference-firmware/ebook/components/epdiy/src/output_common/lut.c","Import","Vendor-authorized reference firmware","6faa8e0f9410e74eb48a89bc6a077b8e98db50e00e180a8a8830434e689b91c0","6faa8e0f9410e74eb48a89bc6a077b8e98db50e00e180a8a8830434e689b91c0"
"4.7-inch(684x1216)_ebook/components/epdiy/src/output_common/lut.h","materials/reference-firmware/ebook/components/epdiy/src/output_common/lut.h","Import","Vendor-authorized reference firmware","9f503986411c14d0eb69948f64eef78259ba25464279f199e1f834f237930c45","9f503986411c14d0eb69948f64eef78259ba25464279f199e1f834f237930c45"
"4.7-inch(684x1216)_ebook/components/epdiy/src/output_common/lut.S","materials/reference-firmware/ebook/components/epdiy/src/output_common/lut.S","Import","Vendor-authorized reference firmware","8aa056ac43479b777c5a27263809dc6846bebaeb8a3371b3dd755fd719427a62","8aa056ac43479b777c5a27263809dc6846bebaeb8a3371b3dd755fd719427a62"
"4.7-inch(684x1216)_ebook/components/epdiy/src/output_common/render_context.c","materials/reference-firmware/ebook/components/epdiy/src/output_common/render_context.c","Import","Vendor-authorized reference firmware","b3a4699d46d1152a5abf949c3504cb2a2a1d73cafedf3e5dd60092525598b319","b3a4699d46d1152a5abf949c3504cb2a2a1d73cafedf3e5dd60092525598b319"
"4.7-inch(684x1216)_ebook/components/epdiy/src/output_common/render_context.h","materials/reference-firmware/ebook/components/epdiy/src/output_common/render_context.h","Import","Vendor-authorized reference firmware","ad30ed79be94a5fb6915bbde298576853c2632037fd58336d41af5c25daa8bda","ad30ed79be94a5fb6915bbde298576853c2632037fd58336d41af5c25daa8bda"
"4.7-inch(684x1216)_ebook/components/epdiy/src/output_common/render_method.c","materials/reference-firmware/ebook/components/epdiy/src/output_common/render_method.c","Import","Vendor-authorized reference firmware","5ef8eaed6945bf007ac098c238f2df585d6e8a66a6e7dabb31d680c9df8bbb5c","5ef8eaed6945bf007ac098c238f2df585d6e8a66a6e7dabb31d680c9df8bbb5c"
"4.7-inch(684x1216)_ebook/components/epdiy/src/output_common/render_method.h","materials/reference-firmware/ebook/components/epdiy/src/output_common/render_method.h","Import","Vendor-authorized reference firmware","089c4975019d3239b12b0f60aa7fa7c28f6b278327e182fead193f8907fbf6a4","089c4975019d3239b12b0f60aa7fa7c28f6b278327e182fead193f8907fbf6a4"
"4.7-inch(684x1216)_ebook/components/epdiy/src/output_i2s/i2s_data_bus.c","materials/reference-firmware/ebook/components/epdiy/src/output_i2s/i2s_data_bus.c","Import","Vendor-authorized reference firmware","17a10e6e15e84d5fa79ae9af779656b43ac2de3997a8c5387977cf6b685a8327","17a10e6e15e84d5fa79ae9af779656b43ac2de3997a8c5387977cf6b685a8327"
"4.7-inch(684x1216)_ebook/components/epdiy/src/output_i2s/i2s_data_bus.h","materials/reference-firmware/ebook/components/epdiy/src/output_i2s/i2s_data_bus.h","Import","Vendor-authorized reference firmware","c02617db613bfd2aecf6e41d90248f06d83dc907b6d902bf7e2e1906da2b8ba7","c02617db613bfd2aecf6e41d90248f06d83dc907b6d902bf7e2e1906da2b8ba7"
"4.7-inch(684x1216)_ebook/components/epdiy/src/output_i2s/render_i2s.c","materials/reference-firmware/ebook/components/epdiy/src/output_i2s/render_i2s.c","Import","Vendor-authorized reference firmware","2ee2889782bd90feeacbd4106d44e3650f8b2371ed80f0bdcd9c8b7b9f75ffe8","2ee2889782bd90feeacbd4106d44e3650f8b2371ed80f0bdcd9c8b7b9f75ffe8"
"4.7-inch(684x1216)_ebook/components/epdiy/src/output_i2s/render_i2s.h","materials/reference-firmware/ebook/components/epdiy/src/output_i2s/render_i2s.h","Import","Vendor-authorized reference firmware","229dffbea1deec24bb7766c0a30414d15ca320816395a8bc4ca108f68df31d2c","229dffbea1deec24bb7766c0a30414d15ca320816395a8bc4ca108f68df31d2c"
"4.7-inch(684x1216)_ebook/components/epdiy/src/output_i2s/rmt_pulse.c","materials/reference-firmware/ebook/components/epdiy/src/output_i2s/rmt_pulse.c","Import","Vendor-authorized reference firmware","41c3d21dc0ea050b03a944d4fad7b2e1338dc9efc83b4e54a8e547ebfc98898a","41c3d21dc0ea050b03a944d4fad7b2e1338dc9efc83b4e54a8e547ebfc98898a"
"4.7-inch(684x1216)_ebook/components/epdiy/src/output_i2s/rmt_pulse.h","materials/reference-firmware/ebook/components/epdiy/src/output_i2s/rmt_pulse.h","Import","Vendor-authorized reference firmware","b3857c0bd96d0de6eea19de462ad8db075c59fd425ff6c6e39dd2ca089bb4f53","b3857c0bd96d0de6eea19de462ad8db075c59fd425ff6c6e39dd2ca089bb4f53"
"4.7-inch(684x1216)_ebook/components/epdiy/src/output_lcd/idf-4-backports.h","materials/reference-firmware/ebook/components/epdiy/src/output_lcd/idf-4-backports.h","Import","Vendor-authorized reference firmware","2d9b5caabec4927f27dbd588ca1802ddb09c5da1ce155f55270a4432eef54a0c","2d9b5caabec4927f27dbd588ca1802ddb09c5da1ce155f55270a4432eef54a0c"
"4.7-inch(684x1216)_ebook/components/epdiy/src/output_lcd/lcd_driver.c","materials/reference-firmware/ebook/components/epdiy/src/output_lcd/lcd_driver.c","Import","Vendor-authorized reference firmware","d03889b4d7653976d85740427ba818e41c184c33a96f13186a540cd7e78cccea","d03889b4d7653976d85740427ba818e41c184c33a96f13186a540cd7e78cccea"
"4.7-inch(684x1216)_ebook/components/epdiy/src/output_lcd/lcd_driver.h","materials/reference-firmware/ebook/components/epdiy/src/output_lcd/lcd_driver.h","Import","Vendor-authorized reference firmware","f12200365577ded215575e6b6a463d8b1371171622506be0e389739e92572d50","f12200365577ded215575e6b6a463d8b1371171622506be0e389739e92572d50"
"4.7-inch(684x1216)_ebook/components/epdiy/src/output_lcd/render_lcd.c","materials/reference-firmware/ebook/components/epdiy/src/output_lcd/render_lcd.c","Import","Vendor-authorized reference firmware","ea0eab939c2c2ebbc669b20097437756733642fb33c41a09baa51a6a62e0b2f1","ea0eab939c2c2ebbc669b20097437756733642fb33c41a09baa51a6a62e0b2f1"
"4.7-inch(684x1216)_ebook/components/epdiy/src/output_lcd/render_lcd.h","materials/reference-firmware/ebook/components/epdiy/src/output_lcd/render_lcd.h","Import","Vendor-authorized reference firmware","471118d9a4657a68616d561adc43c48419524579c88121ab1119a4ceb4076b5d","471118d9a4657a68616d561adc43c48419524579c88121ab1119a4ceb4076b5d"
"4.7-inch(684x1216)_ebook/components/epdiy/src/render.c","materials/reference-firmware/ebook/components/epdiy/src/render.c","Import","Vendor-authorized reference firmware","70a2d3f5068024c28b877cc1ec4235cc6fffda3d2fa72ab608a3f7baac8d57d8","70a2d3f5068024c28b877cc1ec4235cc6fffda3d2fa72ab608a3f7baac8d57d8"
"4.7-inch(684x1216)_ebook/components/epdiy/src/render.h","materials/reference-firmware/ebook/components/epdiy/src/render.h","Import","Vendor-authorized reference firmware","23ee5d45efa948b946f2cb430bda39062b547abb387d75cb3a1b1e4c8747c3f8","23ee5d45efa948b946f2cb430bda39062b547abb387d75cb3a1b1e4c8747c3f8"
"4.7-inch(684x1216)_ebook/components/epdiy/src/waveforms/epdiy_ED047TC1.h","materials/reference-firmware/ebook/components/epdiy/src/waveforms/epdiy_ED047TC1.h","Import","Vendor-authorized reference firmware","40ff2bcce909678fbb870039a7f72537daf0f3446e4c82342d37ef0abaef3e84","40ff2bcce909678fbb870039a7f72537daf0f3446e4c82342d37ef0abaef3e84"
"4.7-inch(684x1216)_ebook/components/epdiy/src/waveforms/epdiy_ED047TC2.h","materials/reference-firmware/ebook/components/epdiy/src/waveforms/epdiy_ED047TC2.h","Import","Vendor-authorized reference firmware","bf9eb98ee64df1c84802e505836c8e04081bbad9f8dbb7eb97412fc341e02e2a","bf9eb98ee64df1c84802e505836c8e04081bbad9f8dbb7eb97412fc341e02e2a"
"4.7-inch(684x1216)_ebook/components/epdiy/src/waveforms/epdiy_ED060SC4.h","materials/reference-firmware/ebook/components/epdiy/src/waveforms/epdiy_ED060SC4.h","Import","Vendor-authorized reference firmware","52b9a676452a8b53466f42e55d15eb4466f95dc8a37e617a0ea232886bda1a43","52b9a676452a8b53466f42e55d15eb4466f95dc8a37e617a0ea232886bda1a43"
"4.7-inch(684x1216)_ebook/components/epdiy/src/waveforms/epdiy_ED060SCT.h","materials/reference-firmware/ebook/components/epdiy/src/waveforms/epdiy_ED060SCT.h","Import","Vendor-authorized reference firmware","64d50cdccbc63636c87df55567133d5a7b77475aed22e1e55b906c6eee4ac5e0","64d50cdccbc63636c87df55567133d5a7b77475aed22e1e55b906c6eee4ac5e0"
"4.7-inch(684x1216)_ebook/components/epdiy/src/waveforms/epdiy_ED060XC3.h","materials/reference-firmware/ebook/components/epdiy/src/waveforms/epdiy_ED060XC3.h","Import","Vendor-authorized reference firmware","bba3c12357a9797dc528d8723cdca259d6e1131bda5607e4870d74ecffeb100f","bba3c12357a9797dc528d8723cdca259d6e1131bda5607e4870d74ecffeb100f"
"4.7-inch(684x1216)_ebook/components/epdiy/src/waveforms/epdiy_ED097OC4.h","materials/reference-firmware/ebook/components/epdiy/src/waveforms/epdiy_ED097OC4.h","Import","Vendor-authorized reference firmware","637d668ed8e15e3f429eb575cfcfcae74ace9552715e7556adf8be1e1fc378aa","637d668ed8e15e3f429eb575cfcfcae74ace9552715e7556adf8be1e1fc378aa"
"4.7-inch(684x1216)_ebook/components/epdiy/src/waveforms/epdiy_ED097TC2.h","materials/reference-firmware/ebook/components/epdiy/src/waveforms/epdiy_ED097TC2.h","Import","Vendor-authorized reference firmware","70506a50c7c0f739f06b5da53fa1e2c3ef9746473deb203c618f2df9aac8c121","70506a50c7c0f739f06b5da53fa1e2c3ef9746473deb203c618f2df9aac8c121"
"4.7-inch(684x1216)_ebook/components/epdiy/src/waveforms/epdiy_ED133UT2.h","materials/reference-firmware/ebook/components/epdiy/src/waveforms/epdiy_ED133UT2.h","Import","Vendor-authorized reference firmware","079008ab013bb62c42e57765d6c0e7112331d720eecd69bdb340c05e5607f170","079008ab013bb62c42e57765d6c0e7112331d720eecd69bdb340c05e5607f170"
"4.7-inch(684x1216)_ebook/components/epdiy/src/waveforms/epdiy_NULL.h","materials/reference-firmware/ebook/components/epdiy/src/waveforms/epdiy_NULL.h","Import","Vendor-authorized reference firmware","57504932bb5850ea79f2c6ac7aa0c8caa810d89150bd79e04008e5c412e89832","57504932bb5850ea79f2c6ac7aa0c8caa810d89150bd79e04008e5c412e89832"
"4.7-inch(684x1216)_ebook/DEMO.md","materials/reference-firmware/ebook/DEMO.md","Import","Vendor-authorized reference firmware","67ddfd6216e2cb293a20cc63dad9b7aeacb1b60fc3781d16189d7ae882a15f00","67ddfd6216e2cb293a20cc63dad9b7aeacb1b60fc3781d16189d7ae882a15f00"
"4.7-inch(684x1216)_ebook/demo/books/demo_chapter1.txt","materials/reference-firmware/ebook/demo/books/demo_chapter1.txt","Import","Vendor-authorized reference firmware","494e76771aa8ca18b582843ed791a1e68e9d09225b06a9b8a3bcbe2274a950b8","494e76771aa8ca18b582843ed791a1e68e9d09225b06a9b8a3bcbe2274a950b8"
"4.7-inch(684x1216)_ebook/demo/books/demo_chapter2.txt","materials/reference-firmware/ebook/demo/books/demo_chapter2.txt","Import","Vendor-authorized reference firmware","b01b3bddc1889c5988a5c9ee4486db7797d56042ea03874480d061013f6de2fa","b01b3bddc1889c5988a5c9ee4486db7797d56042ea03874480d061013f6de2fa"
"4.7-inch(684x1216)_ebook/dependencies.lock","materials/reference-firmware/ebook/dependencies.lock","Import","Vendor-authorized reference firmware","326fca3ccdd3a861fcfd8cda9094474fdbdcdbea5338bc534336e95bfb27fa01","326fca3ccdd3a861fcfd8cda9094474fdbdcdbea5338bc534336e95bfb27fa01"
"4.7-inch(684x1216)_ebook/main/apps/app_album/app_album.c","materials/reference-firmware/ebook/main/apps/app_album/app_album.c","Import","Vendor-authorized reference firmware","e36a974b589238baac44a31686cd83f048b4869300a909d22d38c2e28c32e30e","e36a974b589238baac44a31686cd83f048b4869300a909d22d38c2e28c32e30e"
"4.7-inch(684x1216)_ebook/main/apps/app_album/app_album.h","materials/reference-firmware/ebook/main/apps/app_album/app_album.h","Import","Vendor-authorized reference firmware","692465922484ab36daaa5784b3531f33f6d225fc236717773ace97b68862f7c1","692465922484ab36daaa5784b3531f33f6d225fc236717773ace97b68862f7c1"
"4.7-inch(684x1216)_ebook/main/apps/app_ebook/app_ebook.c","materials/reference-firmware/ebook/main/apps/app_ebook/app_ebook.c","Import","Vendor-authorized reference firmware","e1a2db312ef91efc04deb9a4199a2bc5bca159287f093d60562241842da83b2c","e1a2db312ef91efc04deb9a4199a2bc5bca159287f093d60562241842da83b2c"
"4.7-inch(684x1216)_ebook/main/apps/app_ebook/app_ebook.h","materials/reference-firmware/ebook/main/apps/app_ebook/app_ebook.h","Import","Vendor-authorized reference firmware","3a42aac4fe7f01d4072890ac7dd6f88ab5334770fdc6f5e21701bb7070cf4543","3a42aac4fe7f01d4072890ac7dd6f88ab5334770fdc6f5e21701bb7070cf4543"
"4.7-inch(684x1216)_ebook/main/CMakeLists.txt","materials/reference-firmware/ebook/main/CMakeLists.txt","Import","Vendor-authorized reference firmware","379e4cea42c0c545990e1ad40f6cd3e36b0b22ad2c4100f54de80159fa5c0285","379e4cea42c0c545990e1ad40f6cd3e36b0b22ad2c4100f54de80159fa5c0285"
"4.7-inch(684x1216)_ebook/main/common/book_storage.c","materials/reference-firmware/ebook/main/common/book_storage.c","Import","Vendor-authorized reference firmware","39c99ff00253c25ee0a95eb43a65d4b13be88e1a0a4f9f4d5cb4129abea5ae48","39c99ff00253c25ee0a95eb43a65d4b13be88e1a0a4f9f4d5cb4129abea5ae48"
"4.7-inch(684x1216)_ebook/main/common/book_storage.h","materials/reference-firmware/ebook/main/common/book_storage.h","Import","Vendor-authorized reference firmware","3b1b1815948dfc4dc615a0fb791cdf72a8f4806b3a643a276ea7922740dc873b","3b1b1815948dfc4dc615a0fb791cdf72a8f4806b3a643a276ea7922740dc873b"
"4.7-inch(684x1216)_ebook/main/common/ebook_engine.c","materials/reference-firmware/ebook/main/common/ebook_engine.c","Import","Vendor-authorized reference firmware","5f2b95c51188eb3aae2e6d62f68a7a236ec6d808cadcb65c2931f09b89ac04a1","5f2b95c51188eb3aae2e6d62f68a7a236ec6d808cadcb65c2931f09b89ac04a1"
"4.7-inch(684x1216)_ebook/main/common/ebook_engine.h","materials/reference-firmware/ebook/main/common/ebook_engine.h","Import","Vendor-authorized reference firmware","2f0cc314e606c874dae9f826360068b0b4f3247c7a0f05a6ed88c84ee0373a5d","2f0cc314e606c874dae9f826360068b0b4f3247c7a0f05a6ed88c84ee0373a5d"
"4.7-inch(684x1216)_ebook/main/common/event_bus.c","materials/reference-firmware/ebook/main/common/event_bus.c","Import","Vendor-authorized reference firmware","0c22d3e7901234e006947d7812ab02240d1b391287662cb36eb0e4bd80f33497","0c22d3e7901234e006947d7812ab02240d1b391287662cb36eb0e4bd80f33497"
"4.7-inch(684x1216)_ebook/main/common/event_bus.h","materials/reference-firmware/ebook/main/common/event_bus.h","Import","Vendor-authorized reference firmware","58dc0cc9cfd4bf06c8685965b46d187b3c1f28cb5f628deaa3390916bf02303f","58dc0cc9cfd4bf06c8685965b46d187b3c1f28cb5f628deaa3390916bf02303f"
"4.7-inch(684x1216)_ebook/main/common/image_storage.c","materials/reference-firmware/ebook/main/common/image_storage.c","Import","Vendor-authorized reference firmware","ad7ec684df0cf406d45690ae58890610f9bc5cdf34f1ad904c9e49c74ac6895e","ad7ec684df0cf406d45690ae58890610f9bc5cdf34f1ad904c9e49c74ac6895e"
"4.7-inch(684x1216)_ebook/main/common/image_storage.h","materials/reference-firmware/ebook/main/common/image_storage.h","Import","Vendor-authorized reference firmware","e313e7af482fc81c1d57ee0801df91ea0c1509d231ab4239c0fbb67cec5adb98","e313e7af482fc81c1d57ee0801df91ea0c1509d231ab4239c0fbb67cec5adb98"
"4.7-inch(684x1216)_ebook/main/common/key_manager.c","materials/reference-firmware/ebook/main/common/key_manager.c","Import","Vendor-authorized reference firmware","286eaa59ceb058c6cfb45638963260bfcbabc3f03c9b193fa797dc858033f443","286eaa59ceb058c6cfb45638963260bfcbabc3f03c9b193fa797dc858033f443"
"4.7-inch(684x1216)_ebook/main/common/key_manager.h","materials/reference-firmware/ebook/main/common/key_manager.h","Import","Vendor-authorized reference firmware","e13fb110c7ae4a916c301249aea60c65b5ce38e505e26e37110834be8930a605","e13fb110c7ae4a916c301249aea60c65b5ce38e505e26e37110834be8930a605"
"4.7-inch(684x1216)_ebook/main/common/my_chinese_font.h","materials/reference-firmware/ebook/main/common/my_chinese_font.h","Import","Vendor-authorized reference firmware","319780fba3e4727c462aa4b31c4219dd32189aa20c9076da689e90ddc21f6436","319780fba3e4727c462aa4b31c4219dd32189aa20c9076da689e90ddc21f6436"
"4.7-inch(684x1216)_ebook/main/common/simple_font.h","materials/reference-firmware/ebook/main/common/simple_font.h","Import","Vendor-authorized reference firmware","05493c7026048e9303a1a2858a6ce577b48132da7ffd4ff8cc34ef7c9e7d3441","05493c7026048e9303a1a2858a6ce577b48132da7ffd4ff8cc34ef7c9e7d3441"
"4.7-inch(684x1216)_ebook/main/common/ui_manager.c","materials/reference-firmware/ebook/main/common/ui_manager.c","Import","Vendor-authorized reference firmware","00d94656740bc904b1673311ca9b29a3f976841bbfed2763e85290d824bb85af","00d94656740bc904b1673311ca9b29a3f976841bbfed2763e85290d824bb85af"
"4.7-inch(684x1216)_ebook/main/common/ui_manager.h","materials/reference-firmware/ebook/main/common/ui_manager.h","Import","Vendor-authorized reference firmware","707ac13ae2afc61199ee1230c1f09a8a5fccf0b322146fca7b81b36fb0efd30e","707ac13ae2afc61199ee1230c1f09a8a5fccf0b322146fca7b81b36fb0efd30e"
"4.7-inch(684x1216)_ebook/main/common/ui_theme.c","materials/reference-firmware/ebook/main/common/ui_theme.c","Import","Vendor-authorized reference firmware","c4e5b3098f07aeac9f87e9acc8156209de92bc6fc6a900bafc98b432e1ef8b49","c4e5b3098f07aeac9f87e9acc8156209de92bc6fc6a900bafc98b432e1ef8b49"
"4.7-inch(684x1216)_ebook/main/common/ui_theme.h","materials/reference-firmware/ebook/main/common/ui_theme.h","Import","Vendor-authorized reference firmware","f1ee5b0fa601d824705fc295aff997b56a185978815788e95163469f12f74d5e","f1ee5b0fa601d824705fc295aff997b56a185978815788e95163469f12f74d5e"
"4.7-inch(684x1216)_ebook/main/common/web_server.c","materials/reference-firmware/ebook/main/common/web_server.c","Import","Vendor-authorized reference firmware","38a3d218ee33e33fcd47881900315a76cae00a38cff69daaea849bf7862374b6","38a3d218ee33e33fcd47881900315a76cae00a38cff69daaea849bf7862374b6"
"4.7-inch(684x1216)_ebook/main/common/web_server.h","materials/reference-firmware/ebook/main/common/web_server.h","Import","Vendor-authorized reference firmware","a1c90764f4d32bb2ffa4692e60dd14b60f7d29b9bdf43472108c6859c5b543b5","a1c90764f4d32bb2ffa4692e60dd14b60f7d29b9bdf43472108c6859c5b543b5"
"4.7-inch(684x1216)_ebook/main/common/wifi_config.h","materials/reference-firmware/ebook/main/common/wifi_config.h","Sanitize","Replace demo credentials with public placeholders","c436a7e8b956f96f1fec5a593e0070be9f813e9f65a47ef6498b308d7b47ae2d","8ab5c623ae8d376d141ce2c455c5aa32cfb5a3a97b4e07793ce75f6fde7b8ab3"
"4.7-inch(684x1216)_ebook/main/common/wifi_manager.c","materials/reference-firmware/ebook/main/common/wifi_manager.c","Import","Vendor-authorized reference firmware","09563cce7239acf0971637da0b83ce4c4df63849dc594058d3ddb83bdff3e6b7","09563cce7239acf0971637da0b83ce4c4df63849dc594058d3ddb83bdff3e6b7"
"4.7-inch(684x1216)_ebook/main/common/wifi_manager.h","materials/reference-firmware/ebook/main/common/wifi_manager.h","Import","Vendor-authorized reference firmware","8613825c05ee0638d00fbdd33e307d57549cf6494b58501f0120d23fc992b8d4","8613825c05ee0638d00fbdd33e307d57549cf6494b58501f0120d23fc992b8d4"
"4.7-inch(684x1216)_ebook/main/dragon.h","materials/reference-firmware/ebook/main/dragon.h","Import","Vendor-authorized reference firmware","3b03d457529506ad17beef1172a936b06f6f81fe1661270e2bc3268d08e27065","3b03d457529506ad17beef1172a936b06f6f81fe1661270e2bc3268d08e27065"
"4.7-inch(684x1216)_ebook/main/factor_test.c","materials/reference-firmware/ebook/main/factor_test.c","Import","Vendor-authorized reference firmware","5daf2380aad2a8b6247671e58cc9a5e824a84d372decd8e2535ee609854cfe06","5daf2380aad2a8b6247671e58cc9a5e824a84d372decd8e2535ee609854cfe06"
"4.7-inch(684x1216)_ebook/main/factor_test.h","materials/reference-firmware/ebook/main/factor_test.h","Import","Vendor-authorized reference firmware","7ad68bac8e14a307f1222fdb9e51a709d5fb8472292e49e7a4a574554da8621b","7ad68bac8e14a307f1222fdb9e51a709d5fb8472292e49e7a4a574554da8621b"
"4.7-inch(684x1216)_ebook/main/Kconfig.projbuild","materials/reference-firmware/ebook/main/Kconfig.projbuild","Import","Vendor-authorized reference firmware","0ed83c60d84ce59798b160c04ff565b28adcd859c1d5b564177b625117f319fc","0ed83c60d84ce59798b160c04ff565b28adcd859c1d5b564177b625117f319fc"
"4.7-inch(684x1216)_ebook/main/main.c","materials/reference-firmware/ebook/main/main.c","Import","Vendor-authorized reference firmware","e1472bf5e37ec5a9f7ca8d7cd319ae50220ce985da78f35045afcf2a266c50cc","e1472bf5e37ec5a9f7ca8d7cd319ae50220ce985da78f35045afcf2a266c50cc"
"4.7-inch(684x1216)_ebook/main/waveforms/my_waveform.c","materials/reference-firmware/ebook/main/waveforms/my_waveform.c","Import","Vendor-authorized reference firmware","25803c1f7d8fd8d7126553f194b3ebcf0d434ecbd0cb757307c6ea48bedce3a4","25803c1f7d8fd8d7126553f194b3ebcf0d434ecbd0cb757307c6ea48bedce3a4"
"4.7-inch(684x1216)_ebook/main/waveforms/my_waveform.h","materials/reference-firmware/ebook/main/waveforms/my_waveform.h","Import","Vendor-authorized reference firmware","6e45f0e8df25903e0b657679e56ec1f6b0e22f2d1497fcf19d197895d13ea61d","6e45f0e8df25903e0b657679e56ec1f6b0e22f2d1497fcf19d197895d13ea61d"
"4.7-inch(684x1216)_ebook/main/waveforms/my_waveform_du.h","materials/reference-firmware/ebook/main/waveforms/my_waveform_du.h","Import","Vendor-authorized reference firmware","d655fc27e436545fad9207d155a59a1232cbe4510dbcdb0f9dc8acc09ce05b08","d655fc27e436545fad9207d155a59a1232cbe4510dbcdb0f9dc8acc09ce05b08"
"4.7-inch(684x1216)_ebook/main/waveforms/my_waveform_gc.h","materials/reference-firmware/ebook/main/waveforms/my_waveform_gc.h","Import","Vendor-authorized reference firmware","fc284d75d159d1224818e912100a75ef38126b1c6ae6ebfcb4f2c783e6c7b7b9","fc284d75d159d1224818e912100a75ef38126b1c6ae6ebfcb4f2c783e6c7b7b9"
"4.7-inch(684x1216)_ebook/main/waveforms/my_waveform_gl.h","materials/reference-firmware/ebook/main/waveforms/my_waveform_gl.h","Import","Vendor-authorized reference firmware","4b3a95606892d795e9ecfd29cdeebf60772da7dae58ad5317908e24b257af237","4b3a95606892d795e9ecfd29cdeebf60772da7dae58ad5317908e24b257af237"
"4.7-inch(684x1216)_ebook/partitions_16M.csv","materials/reference-firmware/ebook/partitions_16M.csv","Import","Vendor-authorized reference firmware","8bab5233154ecbd9b1dd8b2b616218a690dd69e8ed3de0f145aaa86ecb507813","8bab5233154ecbd9b1dd8b2b616218a690dd69e8ed3de0f145aaa86ecb507813"
"4.7-inch(684x1216)_ebook/sdkconfig.defaults","materials/reference-firmware/ebook/sdkconfig.defaults","Import","Vendor-authorized reference firmware","49059527c73b49536cedf13cf7b1ba128c46e98faad89e97b5100d400a4fe1b8","49059527c73b49536cedf13cf7b1ba128c46e98faad89e97b5100d400a4fe1b8"
"4.7-inch(684x1216)_ebook/tools/gen_chinese_font.py","materials/reference-firmware/ebook/tools/gen_chinese_font.py","Import","Vendor-authorized reference firmware","0d93cb233ee2b838224e762c792eb6accbf59608798b58d7d29673626bb346a9","0d93cb233ee2b838224e762c792eb6accbf59608798b58d7d29673626bb346a9"
"4.7-inch(684x1216)_ebook/tools/gen_epd_images.py","materials/reference-firmware/ebook/tools/gen_epd_images.py","Import","Vendor-authorized reference firmware","c0df98718d2784082a7a5c3ca8ae94a28550e5f97c3a0e843fb5711284d76d7a","c0df98718d2784082a7a5c3ca8ae94a28550e5f97c3a0e843fb5711284d76d7a"
"E0470A01-AF-CF(A) 260713-1.dwg","materials/vendor/mechanical/E0470A01-AF-CF-A-260713-1.dwg","Import","Vendor-authorized hardware document","bbc464f67f10270dfa7ac8b0f3c02448428fa82743555f0edad71a75bddc2fbf","bbc464f67f10270dfa7ac8b0f3c02448428fa82743555f0edad71a75bddc2fbf"
"E0470A01-AF-CF(A) 260713-1.pdf","materials/vendor/mechanical/E0470A01-AF-CF-A-260713-1.pdf","Import","Vendor-authorized hardware document","4f447f589b8f39e11dcb720af429c6e245b1e864e7fcb1768ff6a8ef4ced17a1","4f447f589b8f39e11dcb720af429c6e245b1e864e7fcb1768ff6a8ef4ced17a1"
"ESP32S3_TPS65185.pdf","materials/vendor/power/ESP32S3-TPS65185.pdf","Import","Vendor-authorized hardware document","d09181da8c066771343fe100a4527bc92e0fd2cf2723fc51b65a2ea9b6b51d09","d09181da8c066771343fe100a4527bc92e0fd2cf2723fc51b65a2ea9b6b51d09"
"英瑞达  E0470A01-AF-S A版规格书.pdf","materials/vendor/display/E0470A01-AF-S-specification.pdf","Import","Vendor-authorized hardware document","70e457f990c3f04f20e6bad19b65bd8dbd096676258b3a974a642172f756f27f","70e457f990c3f04f20e6bad19b65bd8dbd096676258b3a974a642172f756f27f"
